17;1083;799;13.11.2012;2
24;251;1239;29.01.2015;10
13;350;1380;17.12.2005;7
33;1185;1322;8.02.2013;2
80;36;1394;21.03.2006;2
61;261;57;15.10.2011;7
47;1009;318;18.07.2011;9
88;886;322;5.04.2018;5
81;241;709;26.09.2014;5
38;809;1605;30.06.2008;2
73;621;685;28.09.2014;7
60;1015;894;5.06.2014;6
17;20;983;19.12.2007;5
70;1177;781;6.12.2004;5
30;932;538;18.11.2004;9
69;1012;315;16.01.2018;1
31;263;1158;15.04.2011;3
2;296;297;9.10.2012;9
64;701;1326;12.10.2017;7
77;1024;456;14.11.2007;2
46;1045;427;6.08.2014;3
57;76;429;27.10.2008;1
40;380;424;22.01.2008;7
55;935;1441;15.06.2009;1
46;780;191;4.07.2006;8
75;1066;1382;15.08.2013;3
51;533;934;29.11.2015;9
7;573;1197;6.04.2009;7
85;805;1198;16.10.2010;3
45;190;1057;14.07.2007;2
61;1064;1508;17.01.2017;5
20;195;1180;11.09.2012;10
37;92;1291;30.07.2012;10
46;979;1120;2.06.2004;5
29;1043;363;15.12.2004;7
78;1193;541;27.04.2013;7
73;835;110;6.03.2012;3
62;1132;1212;27.10.2006;10
2;203;1127;26.07.2010;2
65;254;1431;26.06.2009;6
70;1095;491;25.07.2004;1
88;172;367;29.06.2004;4
66;300;958;1.05.2010;10
58;213;818;9.08.2006;5
4;740;36;9.10.2012;4
77;119;1396;8.12.2009;3
75;305;521;29.11.2005;4
3;1182;932;31.07.2012;10
30;753;60;27.01.2016;8
89;222;550;15.01.2017;5
40;1205;1606;16.11.2009;1
69;952;256;30.11.2015;3
52;419;73;26.12.2005;9
30;861;1217;23.04.2011;1
69;314;918;14.07.2010;8
74;650;1484;2.03.2017;9
5;437;1319;22.08.2012;3
78;601;480;5.03.2017;9
82;180;546;29.11.2009;2
10;773;567;17.06.2011;4
18;963;1012;3.11.2007;8
48;848;380;1.10.2004;8
9;513;13;17.04.2005;2
38;434;953;17.11.2006;10
69;659;1007;11.11.2013;3
52;850;600;15.10.2011;5
57;1200;1216;6.05.2004;6
44;636;160;27.10.2006;7
87;262;1299;7.07.2010;1
59;217;1515;22.10.2017;4
70;715;1310;17.06.2004;5
37;816;328;13.07.2010;10
61;999;316;27.04.2011;6
60;617;1002;19.07.2013;4
65;394;1282;16.09.2008;9
30;1144;706;20.07.2006;7
40;599;261;29.06.2013;4
45;970;38;31.08.2009;7
46;209;1467;5.04.2005;2
42;1179;1405;14.12.2009;2
60;177;769;29.07.2012;1
69;307;881;4.09.2015;10
72;488;14;26.07.2013;2
62;472;197;12.08.2010;10
89;276;852;27.09.2010;7
27;66;1358;24.11.2011;7
43;818;1264;28.08.2011;7
47;1111;262;21.03.2016;2
15;204;1465;10.06.2014;7
15;239;755;26.05.2013;9
63;456;752;3.07.2017;10
11;642;1419;2.01.2013;4
34;48;1542;8.09.2008;8
11;540;1400;5.04.2008;10
71;712;84;11.02.2013;3
12;385;927;27.04.2004;4
40;1173;1093;12.08.2012;1
19;975;1471;14.02.2018;4
57;78;751;8.08.2005;7
61;590;1107;29.04.2016;6
37;699;124;23.05.2005;6
68;505;645;11.05.2005;5
50;606;27;12.03.2016;10
3;293;1456;12.05.2007;2
40;958;1439;20.10.2004;2
13;575;522;12.10.2008;9
52;522;1273;21.05.2007;2
32;723;962;8.08.2005;2
50;694;364;24.03.2017;4
20;649;303;30.12.2005;1
18;1086;1353;24.06.2010;2
48;972;1365;23.08.2008;7
59;684;178;15.08.2005;9
23;447;1483;1.01.2017;7
62;928;627;17.01.2017;7
53;580;662;20.01.2008;7
81;479;292;15.04.2005;7
3;821;855;12.02.2010;3
3;916;391;26.06.2015;10
39;905;949;3.09.2010;1
21;602;185;13.04.2014;4
10;497;47;24.08.2007;1
56;627;1305;11.07.2014;3
90;170;1021;15.06.2012;7
27;750;1509;14.10.2011;10
11;608;679;31.12.2009;2
35;238;739;9.01.2005;1
42;556;1457;30.10.2011;10
74;237;1532;20.04.2018;9
7;67;569;20.08.2013;2
53;637;490;25.12.2006;2
75;7;1086;8.03.2013;10
49;1131;99;19.04.2011;8
23;354;691;8.03.2012;1
19;1107;1565;16.11.2008;7
74;112;169;29.06.2007;4
74;1161;1268;1.11.2017;3
31;85;1550;9.01.2012;1
67;225;892;7.07.2004;7
51;707;224;9.10.2009;2
18;498;247;26.01.2009;2
74;282;1364;27.01.2008;5
48;919;375;16.06.2008;1
37;1120;1458;27.01.2006;10
77;57;1424;15.10.2006;8
88;995;331;11.03.2014;10
31;983;1581;20.09.2013;5
1;149;1294;20.10.2010;1
38;808;311;2.12.2013;9
17;904;457;29.07.2006;5
80;720;866;17.10.2006;5
63;210;76;8.06.2005;3
21;1184;1524;11.04.2016;4
19;980;572;2.02.2007;6
6;368;251;2.06.2013;2
3;277;1510;3.09.2004;1
85;136;211;30.12.2015;9
85;888;1151;27.11.2007;1
84;337;1331;27.07.2013;8
11;719;1205;27.12.2005;8
90;1151;161;2.05.2015;10
89;933;993;25.10.2009;9
84;893;198;24.03.2007;2
11;552;28;25.10.2010;7
52;530;790;16.06.2010;3
3;469;163;20.12.2009;9
31;1206;635;1.10.2015;4
42;856;1037;6.03.2014;10
61;838;517;17.09.2007;1
58;688;1334;20.01.2011;6
61;1000;526;1.05.2015;9
48;490;12;16.11.2011;10
46;18;1383;19.09.2017;6
77;761;1513;17.05.2008;7
7;1165;1395;1.09.2007;1
3;315;859;14.01.2004;1
37;484;988;3.12.2011;1
11;1203;1330;8.04.2012;9
12;446;1517;13.05.2010;5
38;709;597;26.02.2005;10
25;83;1153;6.01.2017;5
51;854;1235;3.09.2006;4
51;231;596;29.05.2015;2
45;864;210;22.02.2013;5
51;450;253;9.02.2011;6
89;858;1254;9.09.2007;2
71;1047;1114;6.03.2010;9
28;489;586;15.05.2004;7
20;598;590;7.03.2006;10
80;591;1461;12.04.2010;1
36;624;1368;17.05.2012;5
69;781;602;12.12.2006;9
10;869;414;2.10.2007;6
19;746;1339;7.02.2014;6
82;736;410;12.07.2008;4
20;710;1491;6.03.2007;3
66;288;1226;21.02.2014;1
84;732;87;13.02.2014;1
64;564;1210;14.06.2010;5
80;596;72;18.10.2014;4
60;514;1487;27.04.2007;3
65;113;1478;8.08.2016;1
52;291;1539;27.10.2011;4
81;597;1558;16.09.2013;3
48;82;340;6.07.2013;6
48;218;314;10.02.2009;8
8;1181;862;23.07.2009;3
2;1034;1149;10.07.2005;2
55;734;1122;4.03.2008;7
36;482;1266;23.10.2015;3
47;769;88;28.09.2014;10
10;549;245;29.05.2014;7
39;631;1220;13.06.2004;3
82;903;897;4.07.2008;4
53;788;229;12.03.2012;3
56;1136;844;1.06.2009;1
37;544;545;29.05.2008;6
80;1072;726;24.02.2017;6
70;317;501;2.03.2017;8
41;1061;972;24.10.2013;10
19;451;1423;23.06.2017;9
40;366;1259;19.03.2004;9
6;1138;4;24.12.2012;9
16;713;952;8.07.2005;7
50;167;1054;15.06.2015;3
46;997;1056;10.01.2005;10
83;696;189;24.06.2010;8
34;643;181;12.01.2016;5
14;1117;1260;16.10.2016;1
54;866;265;4.04.2013;4
34;144;788;9.03.2008;9
73;900;804;19.06.2016;6
40;841;345;12.12.2011;1
55;473;1141;2.02.2011;4
66;211;372;18.12.2009;6
74;792;1407;20.03.2009;2
39;79;555;23.08.2005;3
21;1;758;15.09.2014;6
37;141;1320;4.05.2017;7
41;397;482;7.08.2009;9
25;993;512;16.04.2017;7
4;95;540;7.07.2013;3
4;264;520;4.01.2015;1
66;152;656;17.08.2008;10
54;797;552;21.09.2015;1
46;160;1611;8.11.2012;2
51;954;279;25.11.2011;5
74;420;62;2.12.2004;5
82;208;86;21.02.2004;3
57;147;170;2.06.2009;10
19;230;214;7.09.2012;3
33;647;1414;22.11.2006;8
82;292;1275;31.03.2012;1
23;15;1613;19.11.2016;5
11;1106;1511;15.01.2010;2
89;735;1518;22.12.2004;1
18;360;1075;4.10.2013;3
74;874;633;14.07.2015;6
73;330;1035;5.06.2016;6
13;964;843;9.01.2006;8
65;297;141;4.08.2013;7
69;828;267;13.05.2010;9
59;157;885;1.12.2014;5
73;1210;676;26.06.2013;5
89;638;422;1.11.2016;2
83;215;1102;13.11.2009;1
76;875;114;16.05.2008;2
16;652;1347;10.07.2016;4
27;205;1342;14.08.2015;6
42;1036;716;27.11.2005;10
48;1207;842;6.03.2010;3
27;676;390;5.02.2005;8
85;757;1366;7.09.2011;2
29;56;621;30.03.2010;1
79;1199;35;7.07.2013;1
72;286;864;30.03.2008;4
57;1115;1276;9.02.2012;4
35;588;699;25.12.2009;9
61;10;493;14.01.2015;7
64;695;1556;21.12.2012;2
49;974;1422;18.09.2012;2
8;236;51;10.02.2017;10
38;281;763;2.07.2006;8
63;1101;321;13.06.2010;10
31;44;1576;9.11.2015;9
35;771;944;19.06.2011;8
34;425;1468;30.04.2011;1
12;1022;1397;16.10.2011;5
51;1141;831;10.01.2016;1
72;1146;242;9.09.2008;6
77;899;1182;29.03.2013;4
23;55;976;23.08.2008;6
28;455;184;16.03.2007;4
22;457;601;5.08.2015;6
8;532;867;19.05.2014;1
50;183;1345;18.01.2009;10
34;960;1088;25.08.2016;1
78;329;931;8.01.2004;2
43;151;137;8.02.2017;9
67;678;1142;17.06.2005;9
43;663;693;8.02.2013;10
17;485;734;28.05.2014;10
31;1075;1574;9.02.2016;3
77;877;100;3.10.2004;6
43;379;219;3.09.2009;10
20;424;254;28.10.2004;3
27;661;1196;3.02.2017;7
84;777;1553;1.03.2010;5
43;785;1619;4.06.2014;3
56;581;609;5.08.2008;1
6;289;922;27.04.2007;6
84;224;1571;18.09.2007;1
64;1089;246;13.05.2011;2
88;1084;906;4.06.2008;3
90;42;1503;13.03.2017;9
81;201;18;23.06.2013;1
69;398;1546;3.01.2017;2
24;285;1403;19.04.2005;6
67;421;1599;27.03.2013;2
32;558;166;22.04.2004;7
90;1002;629;6.12.2005;4
83;88;1311;25.02.2007;5
56;347;1588;18.09.2017;3
15;103;1525;2.10.2013;6
66;138;1091;26.04.2008;2
75;705;1373;18.05.2013;5
84;582;450;8.06.2017;10
56;774;926;25.03.2009;6
26;1049;1096;26.03.2006;4
18;69;1020;7.05.2010;9
38;907;428;27.05.2004;3
24;104;1323;22.09.2005;1
5;605;561;19.10.2012;6
36;574;871;13.07.2014;8
12;1147;1312;11.05.2011;10
32;471;874;11.01.2014;10
11;998;1179;25.05.2014;6
90;252;1598;2.06.2005;10
24;1079;873;14.09.2014;9
52;1195;1386;2.02.2007;5
74;250;1097;10.01.2007;8
78;357;1156;7.05.2010;7
89;466;407;19.02.2015;8
88;702;692;2.01.2016;10
42;393;278;13.03.2008;3
26;587;556;5.08.2017;7
68;922;1011;2.08.2012;5
32;708;118;18.09.2016;10
57;812;135;8.05.2008;4
55;1176;727;29.08.2004;5
45;698;1580;16.11.2004;3
40;670;834;23.11.2009;3
69;377;487;1.12.2009;5
21;94;713;26.12.2005;7
1;1178;374;6.07.2004;5
36;87;494;12.04.2008;6
57;867;890;2.09.2011;8
20;226;1429;9.02.2015;5
32;417;1526;9.05.2012;8
30;846;1469;24.12.2013;2
44;586;1117;23.03.2011;1
59;760;1507;1.11.2017;3
24;607;1092;13.03.2004;2
70;794;1375;12.12.2008;1
14;537;233;23.04.2018;1
11;41;1253;31.10.2014;4
77;326;539;11.02.2005;4
18;519;1100;5.08.2017;6
52;913;415;25.10.2014;10
74;265;447;20.01.2007;2
45;294;964;6.10.2017;7
53;1145;900;18.05.2008;1
70;101;905;8.07.2009;3
70;1109;893;29.04.2004;4
37;1038;736;21.06.2007;7
64;677;416;22.06.2014;9
47;1214;241;4.03.2006;10
67;283;1262;11.06.2016;8
53;212;171;6.05.2012;7
73;751;1221;19.11.2005;2
3;795;1146;11.09.2005;10
29;1052;264;11.04.2010;5
48;834;1286;24.05.2015;10
14;332;772;21.12.2008;7
76;801;995;14.09.2012;2
67;516;343;20.09.2005;10
24;703;1237;18.05.2007;6
1;787;336;13.07.2017;6
19;493;1459;28.04.2016;6
70;1085;630;17.03.2004;5
63;321;1406;23.03.2010;10
1;764;731;28.06.2013;6
11;633;128;12.08.2008;3
24;70;614;11.06.2015;3
9;613;1433;13.05.2008;10
38;5;334;26.03.2004;1
61;741;1527;24.01.2010;7
61;463;357;10.06.2006;7
79;768;1033;1.12.2012;8
58;139;510;16.09.2015;5
61;1158;1070;21.06.2015;7
50;304;7;1.04.2014;7
25;847;441;2.06.2004;5
43;879;901;13.09.2014;1
54;16;746;22.09.2015;10
84;920;508;23.08.2016;3
15;414;222;10.08.2012;9
12;873;705;8.04.2006;4
13;977;381;30.03.2012;2
86;942;1313;1.02.2011;10
37;86;839;15.12.2008;5
15;842;742;19.07.2008;7
63;11;1040;17.03.2014;10
54;927;729;15.11.2009;7
5;295;760;20.06.2015;1
20;930;543;4.05.2014;6
89;1065;1470;22.06.2008;2
80;1001;1200;13.01.2015;4
4;126;158;14.11.2010;4
80;646;1112;15.04.2017;3
8;77;94;13.09.2014;3
81;1055;525;11.07.2017;3
68;54;797;25.06.2014;8
31;951;592;31.01.2015;1
45;791;190;28.03.2014;7
30;38;1307;15.07.2009;10
73;322;81;4.06.2017;3
56;1159;1466;20.01.2011;2
52;668;764;2.08.2006;3
88;545;1371;22.08.2010;9
3;721;588;2.07.2004;8
52;1041;223;1.06.2007;6
14;1091;1594;29.05.2009;1
55;257;1065;24.04.2006;2
38;1204;6;18.09.2004;1
15;1196;153;18.02.2014;7
31;140;11;2.02.2017;9
25;266;1614;3.05.2008;4
84;648;403;17.06.2006;9
3;1026;634;15.04.2005;10
60;994;243;18.07.2011;6
9;302;1115;25.09.2011;5
6;664;740;2.10.2014;9
36;128;935;7.04.2008;9
12;796;683;14.01.2005;3
42;804;1118;6.10.2004;1
54;1118;1343;9.11.2008;6
10;443;350;3.10.2010;3
79;2;564;23.07.2008;4
47;865;1499;13.02.2006;10
7;404;1399;21.02.2015;6
15;1139;1169;30.04.2010;7
72;632;283;2.09.2016;3
18;1067;1379;22.02.2009;2
81;428;594;1.02.2018;1
84;176;454;26.11.2012;7
48;1140;187;14.03.2013;8
57;639;43;22.07.2015;10
46;290;1051;12.06.2017;2
2;1063;19;31.12.2006;7
45;911;252;9.08.2013;8
47;98;1133;14.02.2009;3
73;127;405;10.08.2008;2
12;881;951;12.10.2014;2
2;1202;500;3.06.2005;9
47;896;1432;19.01.2007;2
35;301;1077;1.03.2007;9
8;967;1522;12.08.2007;3
88;465;25;3.11.2007;6
11;267;295;29.12.2007;5
87;1016;365;29.03.2018;6
14;411;925;13.10.2008;7
29;372;419;28.05.2016;9
88;228;1018;11.02.2015;2
61;412;1473;19.04.2013;8
34;775;259;15.01.2006;1
30;340;1105;8.11.2006;7
90;284;1495;18.09.2006;8
75;763;657;4.06.2007;2
5;988;1413;28.12.2014;8
60;91;1083;19.05.2008;1
50;227;308;27.06.2015;3
57;275;2;26.09.2014;1
10;829;263;20.04.2007;10
68;665;1125;26.07.2008;8
42;594;812;17.12.2013;9
14;102;917;4.05.2006;5
85;487;553;16.02.2005;5
2;758;1530;3.05.2005;2
28;319;306;1.07.2008;3
89;1150;611;12.08.2012;5
11;121;766;7.06.2010;7
7;400;1030;18.01.2016;6
34;529;1013;14.08.2016;9
51;1163;1620;23.07.2004;1
23;1090;423;6.06.2015;10
46;1143;1474;29.01.2014;2
14;413;144;8.11.2017;10
89;786;1426;25.02.2005;5
37;685;813;13.07.2005;9
10;824;23;21.06.2008;10
4;53;946;22.06.2004;6
84;240;1570;4.12.2017;1
8;396;668;19.03.2018;5
5;1183;383;29.01.2015;2
85;592;216;13.08.2008;2
75;60;1189;6.06.2008;9
44;429;91;13.01.2011;8
41;1068;1577;18.12.2010;10
66;729;825;16.03.2012;9
89;371;146;27.06.2013;9
54;1201;277;28.10.2006;3
47;832;807;19.07.2016;2
16;97;1232;8.11.2004;1
21;671;1285;12.07.2011;5
67;80;159;7.02.2013;5
13;1007;1443;31.12.2007;3
56;174;886;11.02.2005;1
59;378;573;15.03.2011;5
34;731;513;21.08.2016;10
13;381;21;17.08.2005;8
34;806;1129;30.05.2016;8
58;1170;773;27.08.2008;3
63;71;200;8.03.2017;2
51;953;240;15.02.2005;10
26;1155;225;12.01.2007;5
45;857;869;23.08.2006;5
54;99;593;23.03.2012;3
27;918;195;12.10.2014;7
85;1058;1244;26.10.2006;7
65;813;669;26.07.2005;6
36;1213;193;16.04.2011;1
65;153;1109;22.10.2008;3
32;415;710;23.12.2015;5
4;270;1130;27.07.2011;2
22;825;853;25.06.2004;10
21;496;1218;2.06.2015;7
71;1071;1132;29.10.2014;9
25;278;1388;1.06.2015;1
29;116;663;7.07.2006;2
21;1070;737;13.07.2010;10
37;416;1190;27.10.2004;10
56;925;671;24.02.2007;9
33;623;1434;9.05.2016;10
74;657;338;12.01.2017;8
71;971;48;3.10.2015;10
14;811;982;28.11.2014;2
5;767;1271;26.10.2004;8
49;155;1482;12.03.2012;9
74;1168;250;24.05.2007;5
39;207;52;12.12.2016;8
44;260;1362;16.04.2017;9
86;363;370;5.05.2016;6
80;674;1052;13.02.2009;8
13;299;861;1.03.2015;2
64;563;1304;25.10.2016;2
77;620;984;14.12.2016;7
82;9;238;2.01.2018;6
2;938;1245;7.02.2004;3
37;651;329;7.05.2008;8
75;704;83;15.03.2013;4
81;333;218;7.06.2014;4
76;943;1480;21.09.2007;5
28;917;687;3.02.2006;7
40;749;29;5.04.2006;6
63;1033;1528;1.02.2011;5
60;137;1172;18.11.2014;10
51;1153;227;28.02.2005;10
6;246;465;19.07.2014;8
76;807;777;18.01.2005;9
71;557;576;4.01.2005;7
8;1209;320;2.08.2004;9
4;634;956;8.11.2004;9
47;320;1209;8.09.2011;1
78;546;913;11.02.2004;5
30;483;542;17.07.2015;8
49;59;1584;29.07.2016;7
32;1076;69;4.07.2017;6
87;891;658;6.12.2017;2
63;390;484;3.03.2010;10
46;759;346;21.01.2004;5
89;534;1134;14.12.2006;4
86;1032;1023;31.07.2013;10
69;561;809;3.06.2009;8
34;194;589;29.10.2016;1
65;640;1167;6.05.2004;10
82;849;1563;7.10.2011;10
87;622;643;3.04.2007;10
71;570;816;16.11.2007;2
86;728;1486;14.12.2014;1
27;1039;1376;28.01.2011;1
72;976;899;12.10.2008;2
32;256;1067;21.10.2010;8
34;216;1089;4.05.2005;1
53;29;1543;28.04.2018;3
52;22;703;28.01.2010;9
42;328;828;12.04.2011;3
81;3;1428;12.10.2012;4
3;1019;1045;18.09.2010;10
45;711;39;30.12.2014;2
49;219;1062;28.07.2004;8
48;536;1176;21.01.2015;4
11;737;1512;24.09.2011;4
85;133;837;11.04.2013;8
6;941;280;27.06.2006;10
71;1208;911;17.01.2015;10
1;772;1302;26.02.2018;6
25;909;1446;23.09.2009;6
7;75;514;15.03.2013;4
19;449;973;17.12.2017;7
49;915;1357;7.01.2013;1
65;234;1103;23.08.2007;3
51;453;1410;2.03.2015;6
70;382;412;12.04.2005;10
47;655;1545;19.02.2007;6
46;311;1131;11.09.2013;6
8;258;759;6.05.2016;1
32;912;1017;19.03.2016;6
90;109;325;9.07.2012;4
19;672;296;2.12.2009;10
29;618;244;24.09.2006;5
3;538;1554;7.01.2011;3
15;28;31;20.02.2012;6
84;193;389;9.02.2010;2
2;166;499;7.11.2011;6
31;1074;411;16.03.2015;8
75;578;612;23.04.2017;9
54;159;1398;2.11.2016;7
53;697;404;9.03.2004;4
34;569;1101;27.05.2004;8
45;130;387;6.07.2006;8
83;926;1329;24.10.2012;7
35;1166;750;31.12.2004;3
55;1149;492;3.09.2015;6
5;542;798;18.03.2005;5
85;1077;323;6.12.2005;9
46;474;360;15.01.2009;10
13;894;1463;8.08.2006;1
37;985;1038;2.09.2009;6
21;584;803;18.04.2013;3
23;518;661;16.02.2016;5
75;1157;506;12.01.2006;6
89;142;1559;12.12.2009;3
79;375;186;22.01.2004;10
38;1004;878;18.01.2015;6
5;610;385;20.05.2015;9
13;1060;682;13.10.2014;1
30;30;762;17.10.2005;2
88;1080;122;17.08.2008;8
20;436;145;8.11.2011;8
11;365;1043;23.04.2016;7
13;882;1538;13.03.2010;9
65;1014;333;10.01.2007;2
2;1188;743;28.05.2015;4
11;1006;603;7.09.2016;10
43;323;942;7.09.2009;6
37;68;608;20.02.2014;10
30;1011;1549;27.04.2007;10
37;521;477;9.11.2009;3
72;110;638;13.01.2017;7
8;117;535;2.09.2005;8
20;73;1283;28.12.2005;8
84;403;823;13.04.2018;2
47;200;1095;15.03.2012;4
57;1087;1238;2.11.2010;8
61;680;310;25.03.2015;5
7;1133;1346;19.10.2005;7
88;19;273;18.11.2011;4
86;171;1436;22.07.2012;1
67;46;652;23.03.2004;4
3;1023;49;28.01.2018;8
51;568;749;22.11.2004;6
25;145;188;5.08.2010;10
73;351;1485;7.07.2009;1
72;870;599;24.01.2007;7
71;1148;395;14.03.2008;1
37;1029;107;26.02.2013;3
86;1020;970;3.03.2013;4
62;1018;966;30.07.2015;3
1;220;45;12.09.2004;8
89;206;815;8.07.2016;2
5;948;695;30.08.2011;5
30;50;1615;8.03.2010;4
73;949;348;18.05.2008;7
3;131;335;7.05.2012;7
78;339;1494;23.02.2017;8
41;691;673;15.12.2016;2
11;628;22;29.08.2017;8
18;897;811;10.12.2017;4
79;579;698;7.06.2004;10
9;1099;1039;28.12.2017;7
47;1017;162;13.09.2015;8
71;37;337;25.07.2016;7
50;1094;1280;28.03.2014;1
15;334;1296;21.11.2005;3
89;362;174;17.08.2009;9
10;410;1506;28.01.2016;3
56;202;1360;5.03.2011;9
57;892;394;18.01.2006;8
9;626;1108;9.10.2007;4
30;959;1159;11.02.2014;3
85;612;808;10.12.2011;6
82;154;1333;18.05.2010;5
58;35;212;25.04.2018;10
35;199;700;26.10.2012;4
6;682;1263;17.07.2005;1
43;84;438;3.10.2010;3
38;243;284;13.06.2014;10
2;1211;1391;23.01.2006;3
84;341;833;28.02.2009;6
68;902;136;3.06.2014;1
4;273;58;19.08.2006;10
75;26;289;21.06.2009;3
40;1110;462;21.10.2009;10
62;962;1462;25.06.2009;1
29;782;551;19.08.2008;9
56;122;938;12.02.2015;9
4;253;519;21.08.2009;6
24;1125;461;25.09.2008;9
44;572;1427;26.01.2014;4
87;129;459;22.07.2013;1
52;1108;155;15.08.2013;8
36;1116;475;4.11.2004;6
75;1122;1036;18.01.2012;1
9;74;1420;31.07.2004;3
37;822;741;27.08.2011;8
55;973;55;4.07.2004;7
58;1053;1411;18.06.2005;2
81;687;1255;3.07.2013;8
34;386;779;18.03.2009;8
47;603;796;5.02.2015;2
26;462;1430;29.04.2009;10
27;249;1315;5.02.2015;7
88;169;999;9.05.2008;1
25;161;1229;14.08.2017;1
41;957;1568;26.01.2012;7
54;1027;1207;17.04.2010;10
21;367;1444;30.04.2014;2
27;991;891;6.06.2017;6
35;1044;574;15.08.2010;2
81;476;1328;10.12.2005;5
76;1054;230;1.08.2011;2
42;802;631;19.11.2013;8
31;1137;1139;8.03.2009;2
9;669;660;26.02.2010;7
29;793;1479;4.08.2016;5
37;752;1072;1.05.2004;9
42;431;978;28.06.2015;9
30;833;393;10.02.2006;8
65;683;1301;13.03.2010;4
23;392;1377;29.05.2015;6
4;244;425;15.12.2013;7
21;593;349;23.08.2015;1
57;65;666;16.02.2006;6
59;43;1027;11.02.2007;5
86;123;824;7.06.2008;8
47;836;1041;11.05.2010;2
86;1171;971;23.04.2010;4
42;667;474;11.04.2015;7
85;14;1564;22.03.2012;2
68;744;1203;29.05.2009;10
51;526;639;28.01.2010;9
7;156;1079;30.12.2008;5
66;1048;1477;17.01.2018;5
9;268;8;15.05.2008;9
76;8;1074;19.06.2012;7
1;1215;126;26.10.2017;6
68;310;711;2.04.2010;1
79;770;358;1.06.2007;8
9;1198;1617;9.12.2013;4
48;1096;579;24.08.2011;2
81;745;1384;17.04.2006;4
19;528;1121;13.10.2015;1
83;1056;681;20.03.2015;5
47;717;782;23.02.2007;2
85;738;15;21.04.2018;2
22;931;1612;8.12.2016;4
59;1104;800;15.08.2014;10
71;439;434;8.09.2013;3
89;327;140;12.03.2011;4
48;383;1592;25.08.2005;5
23;814;1460;17.02.2010;10
69;509;896;9.05.2017;7
66;1103;1327;11.02.2004;1
83;1105;1498;20.12.2011;3
88;440;784;13.03.2015;2
25;924;1058;22.07.2015;2
58;441;1249;19.01.2013;6
77;391;580;6.02.2008;9
9;653;765;14.06.2008;9
15;629;1351;13.07.2004;6
86;654;1000;16.10.2017;5
39;589;732;28.11.2012;1
74;223;139;28.11.2012;1
26;182;728;28.05.2014;9
37;356;1618;8.04.2014;5
24;739;437;7.09.2010;8
81;700;1186;17.09.2006;4
29;722;1010;18.01.2018;2
37;733;1593;28.02.2013;1
52;494;378;5.07.2013;1
9;49;123;4.11.2017;9
9;345;442;26.06.2004;6
82;387;1001;6.03.2018;1
69;89;559;4.04.2014;6
74;470;272;6.06.2015;2
19;1025;326;9.03.2015;7
61;1037;1551;21.10.2005;3
62;566;304;15.02.2010;9
53;272;34;29.10.2016;1
36;1121;164;27.04.2018;9
20;196;1609;11.10.2010;6
60;1114;151;5.01.2004;4
46;335;148;6.10.2012;2
42;1097;356;26.12.2009;7
32;134;489;18.01.2017;2
57;503;1163;22.03.2011;9
13;325;498;25.01.2005;10
72;405;1242;14.12.2008;8
2;1160;829;18.04.2018;10
31;427;1019;1.07.2004;1
75;790;382;19.01.2014;9
84;946;1501;25.11.2011;1
28;562;1340;21.02.2017;5
4;921;845;8.04.2006;2
39;422;998;16.01.2013;3
2;233;143;3.09.2017;6
6;531;696;31.08.2013;2
42;163;1381;29.08.2005;8
10;1102;989;13.03.2005;1
35;872;285;9.09.2006;2
42;298;402;21.01.2012;5
37;641;1204;25.12.2009;9
30;895;1370;27.10.2013;5
77;460;408;19.09.2009;4
1;673;642;20.09.2007;10
83;885;1387;8.01.2010;3
19;644;479;14.04.2018;2
13;510;909;26.01.2013;4
35;799;396;25.02.2013;3
62;1189;215;11.08.2009;8
25;39;281;27.12.2012;3
47;248;1240;14.10.2015;6
8;148;748;28.06.2011;9
5;817;876;30.01.2004;6
78;313;715;7.02.2011;8
42;1035;902;26.09.2007;9
80;743;1372;17.02.2004;3
90;567;1279;15.01.2011;5
55;338;1583;24.07.2017;7
13;725;24;26.12.2013;4
9;508;1111;29.05.2015;4
79;445;641;1.01.2006;7
74;876;1145;31.07.2015;1
36;689;617;11.02.2013;10
38;940;1341;14.10.2015;6
41;1156;1547;30.09.2014;8
82;1031;1128;14.06.2005;4
81;553;1442;24.04.2004;4
7;197;352;21.03.2014;3
19;934;142;27.01.2018;5
79;432;933;26.11.2014;4
29;851;649;25.06.2015;10
13;408;778;23.09.2011;4
10;778;332;9.09.2008;8
30;135;1555;20.07.2008;7
41;595;770;31.12.2015;7
16;124;469;26.08.2005;6
20;810;625;27.07.2013;5
33;961;646;30.11.2016;5
7;499;271;29.11.2013;10
69;279;1171;21.12.2009;1
14;883;134;8.02.2009;9
8;990;667;11.01.2004;5
67;373;93;6.08.2007;3
52;1152;721;15.10.2014;3
17;779;1265;30.05.2014;3
7;939;209;6.05.2017;1
49;681;717;7.09.2013;6
77;1088;980;15.02.2004;3
75;762;433;7.09.2007;6
9;51;9;17.02.2011;7
89;388;1363;7.12.2004;1
31;989;96;26.02.2015;1
22;1028;418;7.12.2016;10
23;803;446;30.10.2011;6
31;492;850;30.12.2013;5
50;776;90;13.10.2008;6
69;308;95;13.05.2005;10
28;1186;1324;15.04.2016;9
89;726;863;22.04.2005;5
39;114;50;2.01.2010;6
7;944;1085;20.08.2006;1
75;923;468;9.06.2015;9
75;535;851;26.02.2008;3
67;1194;206;15.05.2012;10
6;906;1579;8.01.2006;3
21;458;286;27.07.2015;1
37;164;1213;5.04.2006;6
36;467;1084;20.09.2011;1
64;992;1289;8.06.2016;3
24;477;46;2.07.2007;2
87;1197;826;8.07.2009;6
88;361;858;13.10.2017;8
84;619;767;9.08.2013;1
53;853;1026;4.03.2006;7
8;374;275;19.07.2005;7
17;543;104;21.04.2011;5
34;1162;527;6.12.2009;6
69;1167;613;6.11.2016;5
57;150;945;25.05.2009;2
47;34;298;23.07.2013;1
47;478;5;2.10.2011;9
56;511;1191;31.08.2009;8
66;996;125;4.09.2008;1
37;890;620;15.12.2017;5
45;585;1603;3.12.2017;7
61;843;302;20.02.2018;3
57;255;1185;14.06.2011;5
35;827;1248;2.05.2012;8
53;430;916;10.11.2011;1
9;115;775;13.06.2017;1
56;120;1005;12.01.2004;2
73;188;533;25.09.2014;6
48;506;854;17.02.2012;4
17;448;106;19.04.2013;2
9;789;496;9.02.2013;4
75;658;1288;23.05.2006;10
30;859;923;30.07.2009;9
67;1093;1452;3.12.2004;2
73;418;1090;9.03.2016;3
48;399;1348;23.06.2004;1
82;635;712;19.07.2005;10
68;235;30;22.03.2018;4
72;93;455;9.11.2011;8
45;555;228;12.01.2012;4
82;1021;435;27.08.2014;2
24;406;895;24.10.2014;4
42;560;1317;12.08.2009;3
35;6;1073;15.12.2008;6
27;346;992;1.07.2007;10
69;747;149;20.11.2015;6
16;162;882;17.04.2004;7
78;1013;1293;23.11.2008;3
1;1169;445;11.02.2014;7
1;604;1447;20.10.2008;7
61;81;1193;6.02.2013;5
61;106;131;4.12.2011;3
60;1057;725;3.05.2005;5
24;395;269;10.01.2013;1
79;433;1194;31.08.2010;8
58;1154;341;21.10.2009;4
60;987;467;15.06.2017;7
64;407;138;1.04.2007;8
38;384;324;2.10.2017;9
7;342;1318;20.01.2015;9
61;1081;392;2.03.2009;7
6;23;719;2.02.2017;2
4;945;354;22.04.2005;8
86;1098;848;6.05.2014;10
10;730;898;29.09.2008;4
43;520;317;19.04.2009;8
37;245;677;31.12.2015;4
51;1128;674;20.08.2010;8
48;461;595;23.07.2014;4
22;358;466;1.12.2004;8
18;47;1215;28.10.2014;6
79;1190;448;8.11.2009;6
48;965;680;12.08.2010;8
18;577;1236;26.11.2008;5
23;96;1243;5.02.2007;7
89;686;294;15.03.2018;2
68;359;969;1.09.2014;10
77;1062;282;16.05.2013;8
53;784;1143;9.02.2017;3
48;1134;955;27.12.2005;4
62;409;413;8.07.2005;8
80;40;1534;11.12.2012;2
57;72;1354;24.02.2005;7
14;863;443;17.02.2010;9
80;1003;1359;7.03.2009;1
47;1078;486;10.11.2016;9
78;571;996;14.12.2015;7
12;62;266;9.02.2006;7
56;800;1393;2.02.2006;1
14;880;785;14.06.2005;8
86;221;1601;26.06.2009;8
64;1164;1602;24.11.2016;1
3;168;1060;1.11.2014;9
36;1180;379;23.06.2007;6
12;898;67;21.12.2008;6
59;247;1332;2.10.2010;10
8;1051;236;9.05.2017;9
71;517;690;16.12.2011;5
88;45;622;2.09.2015;9
63;242;1063;21.03.2006;6
59;547;581;22.05.2011;1
84;500;957;1.06.2010;7
48;452;351;29.10.2006;1
46;426;939;27.08.2015;6
37;666;744;13.03.2005;6
45;158;689;2.09.2004;10
44;17;979;26.10.2010;3
45;826;420;8.06.2014;7
58;13;41;23.08.2006;3
76;1127;398;29.01.2006;7
50;950;665;14.06.2004;10
64;353;950;22.02.2010;5
49;64;868;25.10.2016;8
33;52;1031;30.09.2011;7
26;1069;1504;14.02.2014;5
6;475;92;15.04.2007;6
54;1100;605;19.09.2006;5
48;765;1578;25.12.2010;8
33;165;651;1.10.2012;6
81;830;1022;27.02.2004;1
29;937;1435;24.09.2009;10
59;645;1454;16.08.2005;8
72;495;1069;6.06.2017;1
39;1192;1181;11.11.2014;1
72;815;832;19.06.2008;4
4;565;274;15.01.2018;1
85;269;776;28.02.2010;7
54;105;598;23.09.2007;2
70;837;987;25.12.2007;7
41;1175;1222;18.09.2014;3
81;486;1566;20.05.2005;8
31;947;628;17.08.2009;6
12;862;68;16.07.2013;4
84;550;582;18.06.2013;1
62;444;1308;22.10.2004;6
85;539;648;5.08.2006;8
4;525;847;8.07.2006;4
18;352;1211;27.03.2004;2
31;1130;483;24.08.2015;7
60;914;856;8.09.2017;4
40;24;359;14.04.2012;5
86;1042;111;11.02.2013;6
68;1030;1514;3.09.2015;3
9;303;1162;7.09.2016;2
18;1073;675;11.11.2014;4
6;548;1321;19.11.2015;10
56;660;1076;14.03.2009;9
16;690;183;5.07.2015;9
62;1112;1094;27.10.2004;3
60;1059;887;22.06.2004;10
90;1129;1250;25.01.2017;10
38;1212;1531;25.03.2009;10
66;312;821;22.07.2008;6
65;754;505;15.01.2012;1
35;480;806;1.08.2007;4
47;706;470;7.05.2006;7
67;111;1389;27.11.2016;7
89;714;529;20.02.2013;5
38;878;1042;22.02.2009;3
73;748;40;27.05.2012;1
54;143;1061;10.07.2010;6
24;727;879;27.12.2005;6
12;402;312;25.12.2008;2
83;887;504;20.03.2005;4
49;523;626;29.05.2014;4
75;756;1535;7.02.2014;2
66;189;288;31.01.2013;5
25;468;1247;10.12.2004;1
20;742;1541;2.08.2009;2
2;978;1173;2.09.2005;9
18;656;650;15.09.2012;5
41;981;920;29.10.2005;10
52;755;154;22.12.2014;2
6;662;991;25.08.2016;6
54;512;1024;5.03.2014;2
1;259;1355;7.02.2013;3
28;844;1230;17.10.2007;4
52;232;883;8.07.2013;9
34;625;436;23.10.2007;8
78;1191;1481;10.09.2011;9
55;871;201;18.06.2013;9
3;1005;730;12.11.2009;1
7;389;568;12.09.2011;1
3;1040;509;12.06.2017;3
60;1172;532;9.09.2013;1
24;229;1572;28.07.2010;5
78;454;453;3.10.2014;9
76;191;1048;26.01.2004;9
67;12;678;6.08.2012;10
71;1010;432;7.05.2015;2
39;287;1412;18.03.2012;4
49;936;1251;20.03.2013;7
50;1082;1055;29.07.2004;1
70;515;1224;29.07.2012;1
7;118;1119;23.02.2004;6
77;969;1274;19.04.2012;9
16;527;1298;25.02.2018;6
12;1135;1529;10.10.2017;5
8;331;688;14.04.2012;9
9;502;157;13.06.2009;5
83;852;1490;25.11.2006;4
14;884;1449;6.11.2006;1
36;58;616;6.12.2007;10
60;214;451;13.09.2012;1
14;370;291;18.07.2007;7
80;968;1417;9.09.2006;5
2;901;928;11.01.2018;8
25;481;624;7.07.2014;10
36;1187;120;24.12.2007;9
52;146;1135;9.04.2015;5
38;840;1199;26.11.2008;7
32;21;1170;4.03.2011;1
90;889;1267;15.07.2016;6
37;724;397;1.02.2013;7
54;349;3;24.10.2015;7
5;442;523;24.03.2016;9
6;32;300;17.02.2008;4
82;860;1192;23.03.2004;9
27;4;1350;19.10.2004;6
41;956;1335;12.10.2017;2
78;401;860;29.06.2016;4
19;718;1548;7.09.2017;4
70;554;353;28.08.2013;2
16;831;1496;19.05.2004;2
33;845;1421;2.11.2004;4
18;309;888;6.03.2004;10
12;175;400;6.03.2005;7
79;459;202;27.02.2018;2
89;179;1227;31.01.2009;7
80;986;1087;4.02.2013;9
59;438;1325;23.05.2013;7
7;376;1290;19.02.2007;9
68;192;694;22.01.2006;10
87;186;774;6.09.2017;3
33;125;877;8.04.2010;1
59;908;722;11.09.2005;1
49;187;127;28.05.2005;1
67;107;373;24.06.2005;10
24;600;1303;28.07.2017;4
70;766;880;1.02.2013;5
3;615;61;18.09.2012;6
13;679;768;19.02.2010;1
6;692;1160;9.06.2010;5
53;675;177;4.04.2007;4
53;576;1402;21.04.2009;6
35;198;908;28.11.2010;10
78;25;1046;1.03.2005;9
59;798;1034;25.09.2011;3
23;369;1150;12.07.2005;9
33;271;1544;2.12.2007;9
53;507;1521;4.10.2011;8
57;61;747;27.10.2013;7
39;783;1277;18.04.2004;3
69;1123;799;25.05.2011;8
19;955;1239;29.03.2010;6
27;1126;1380;6.06.2016;6
19;504;1322;10.08.2005;6
59;31;1394;20.05.2005;9
45;280;57;28.08.2004;8
66;491;318;10.11.2013;6
35;336;322;30.01.2018;8
11;559;709;16.01.2012;1
89;90;1605;11.02.2006;4
82;1142;685;28.12.2014;6
61;1008;894;1.06.2009;3
35;693;983;10.02.2011;1
62;551;781;5.02.2006;8
63;306;538;3.03.2006;1
52;541;315;12.01.2011;9
13;823;1158;11.04.2005;1
67;316;297;10.06.2009;7
90;364;1326;27.07.2016;3
40;1174;456;2.12.2005;4
80;1119;427;6.05.2011;5
81;609;429;7.09.2014;8
44;173;424;28.06.2017;2
69;855;1441;5.12.2014;5
77;868;191;4.02.2004;10
12;324;1382;23.09.2006;8
25;583;934;17.09.2006;7
58;630;1197;29.07.2012;2
86;343;1198;21.01.2017;8
25;185;1057;15.01.2006;6
17;1092;1508;12.01.2006;3
78;1046;1180;18.11.2005;6
23;178;1291;18.10.2004;7
57;929;1120;13.01.2007;6
18;614;363;4.05.2016;4
17;318;541;31.01.2006;2
82;348;110;24.09.2007;8
11;839;1212;19.04.2014;2
7;27;1127;15.08.2009;9
31;524;1431;17.08.2011;3
48;181;491;28.10.2012;8
87;501;367;26.11.2013;7
71;33;958;6.01.2009;8
37;63;818;2.10.2017;4
55;1113;36;30.04.2004;4
33;966;1396;1.07.2016;7
41;274;521;8.12.2006;7
21;910;932;10.02.2018;3
27;423;60;27.10.2016;5
48;716;550;13.05.2008;10
56;184;1606;1.07.2007;3
81;820;256;13.04.2008;7
83;435;73;14.10.2016;6
45;100;1217;20.09.2007;3
90;984;918;4.02.2005;5
14;819;1484;19.06.2013;8
55;355;1319;2.01.2018;10
49;108;480;23.11.2009;2
41;611;546;27.11.2017;6
23;132;567;15.08.2009;8
3;1124;1012;23.11.2013;5
52;464;380;19.06.2009;5
68;616;13;8.06.2005;4
42;1050;953;23.08.2012;7
72;344;1007;12.10.2016;6
74;982;600;20.03.2012;3
17;83;1216;15.04.2015;10
33;83;160;28.08.2009;4
43;81;1299;9.12.2011;8
67;84;1515;14.08.2015;2
83;81;1310;4.10.2017;6
63;82;328;6.08.2006;8
3;84;316;25.02.2011;5
26;82;1002;27.04.2017;4
39;83;1282;17.03.2017;3
8;81;706;11.12.2015;9
54;82;261;13.03.2009;4
89;82;38;15.12.2009;3
6;84;1467;7.05.2006;9
63;82;1405;1.09.2016;1
76;81;769;4.05.2012;1
9;81;881;20.08.2008;2
10;82;14;28.02.2012;4
18;83;197;5.04.2010;5
2;83;852;11.06.2004;10
89;81;1358;6.05.2012;9
74;82;1264;20.02.2004;7
27;82;262;16.07.2012;6
33;83;1465;23.04.2006;7
5;83;755;15.07.2006;7
17;83;752;12.08.2013;3
72;81;1419;7.04.2017;9
3;82;1542;2.02.2014;5
58;82;1400;13.12.2008;7
21;83;84;14.02.2010;5
3;82;927;3.11.2017;10
42;87;1093;5.02.2013;9
68;85;1471;18.11.2006;5
10;87;751;1.09.2017;4
66;86;1107;3.12.2012;3
82;85;124;8.10.2005;9
64;86;645;21.07.2012;6
28;87;27;25.06.2010;8
85;85;1456;29.09.2014;9
16;88;1439;8.12.2006;10
70;85;522;15.07.2016;9
17;86;1273;28.10.2006;9
82;86;962;30.12.2009;5
8;88;364;17.05.2010;3
79;86;303;5.04.2017;3
69;85;1353;13.01.2013;10
14;87;1365;24.04.2008;2
26;85;178;26.12.2017;3
79;85;1483;22.01.2016;2
57;86;627;24.08.2011;9
85;85;662;2.03.2013;7
4;85;292;28.03.2011;5
28;86;855;7.05.2005;2
10;86;391;9.06.2014;2
27;87;949;4.11.2014;6
65;88;185;1.08.2012;3
30;87;47;4.06.2006;9
46;88;1305;5.04.2018;5
87;86;1021;27.03.2007;8
46;88;1509;19.03.2010;1
20;88;679;7.05.2005;10
68;85;739;2.03.2010;3
11;88;1457;11.03.2010;4
22;86;1532;11.05.2007;3
56;86;569;25.06.2006;8
14;86;490;3.02.2008;4
14;87;1086;14.02.2006;10
43;86;99;16.10.2009;6
78;87;691;25.12.2014;1
74;86;1565;16.02.2012;3
60;87;169;5.12.2015;10
2;86;1268;30.07.2009;4
72;85;1550;22.01.2010;2
28;87;892;5.03.2005;7
21;87;224;31.07.2009;5
89;87;247;15.12.2004;7
32;88;1364;23.10.2016;4
3;87;375;10.09.2005;1
29;87;1458;8.10.2005;2
22;87;1424;5.11.2009;9
38;86;331;16.09.2008;10
20;88;1581;2.05.2006;5
74;86;1294;2.03.2012;4
49;88;311;20.01.2016;9
6;85;457;7.04.2018;10
61;87;866;29.10.2008;2
60;86;76;15.09.2007;9
71;85;1524;23.11.2004;4
10;86;572;12.09.2008;10
15;85;251;23.07.2006;8
4;88;1510;23.09.2017;3
58;91;211;30.08.2006;4
42;92;1151;3.06.2010;6
52;92;1331;19.03.2017;10
58;89;1205;5.09.2009;6
80;92;161;29.09.2015;5
50;90;993;2.03.2017;1
82;91;198;17.08.2010;7
1;89;28;12.07.2012;3
67;89;790;26.04.2014;6
71;89;163;11.07.2012;6
66;92;635;12.02.2004;2
34;91;1037;14.04.2007;1
16;92;517;28.01.2009;8
38;91;1334;5.03.2015;3
15;89;526;2.01.2015;4
79;91;12;12.02.2017;1
5;91;1383;2.08.2014;10
84;92;1513;10.01.2004;10
32;90;1395;22.07.2014;5
33;92;859;17.04.2017;6
76;90;988;6.11.2011;6
63;91;1330;10.08.2017;2
2;90;1517;18.12.2013;6
34;91;597;11.08.2013;1
51;90;1153;24.09.2010;5
46;92;1235;5.02.2007;1
30;89;596;22.12.2007;1
43;92;210;25.10.2014;3
13;90;253;21.12.2011;7
17;89;1254;13.10.2004;9
17;90;1114;2.02.2007;4
20;92;586;31.08.2010;3
79;91;590;20.12.2010;5
15;91;1461;10.10.2016;6
79;89;1368;11.02.2007;3
27;89;602;13.07.2015;4
14;89;414;21.06.2005;9
67;91;1339;7.05.2017;1
22;89;410;12.02.2016;1
86;90;1491;31.01.2016;10
7;92;1226;29.01.2015;4
8;90;87;22.10.2014;4
68;91;1210;9.05.2016;9
24;91;72;28.04.2011;9
53;92;1487;12.08.2012;9
81;91;1478;22.08.2013;10
56;92;1539;17.02.2009;5
36;92;1558;19.01.2015;2
51;89;340;15.01.2016;1
18;91;314;22.07.2011;1
8;91;862;5.11.2013;8
72;90;1149;31.10.2005;7
78;91;1122;6.05.2006;5
79;91;1266;28.11.2015;8
71;89;88;1.12.2017;8
51;90;245;24.08.2010;2
80;91;1220;4.02.2006;6
45;91;897;10.03.2005;10
1;90;229;8.03.2018;3
88;90;844;2.02.2012;8
15;91;545;13.09.2008;3
68;92;726;31.03.2006;10
10;91;501;22.02.2017;3
10;91;972;31.08.2013;5
81;90;1423;10.04.2010;9
47;90;1259;24.01.2012;3
9;90;4;15.06.2014;1
46;91;952;21.11.2005;2
84;92;1054;24.08.2006;10
66;89;1056;19.08.2005;10
65;89;189;21.04.2013;6
10;92;181;6.01.2013;8
50;91;1260;9.03.2016;10
22;89;265;31.10.2016;5
89;90;788;6.03.2011;3
29;95;804;13.09.2011;7
89;93;345;7.01.2011;4
6;95;1141;3.12.2013;5
51;95;372;17.01.2007;3
27;96;1407;21.02.2005;5
53;93;555;1.04.2012;4
62;96;758;25.04.2007;2
21;95;1320;5.04.2010;4
4;96;482;3.07.2008;3
3;93;512;30.10.2006;2
51;93;540;16.04.2014;10
56;95;520;24.04.2009;7
60;95;656;14.02.2010;1
21;94;552;20.09.2016;7
28;96;1611;9.03.2005;2
85;93;279;4.03.2016;2
20;94;62;25.12.2011;2
72;93;86;15.06.2005;1
2;93;170;21.10.2006;5
8;94;214;10.01.2004;2
15;96;1414;20.01.2013;9
35;93;1275;26.01.2015;4
30;93;1613;3.10.2008;4
47;93;1511;16.11.2009;3
55;94;1518;2.10.2005;5
59;94;1075;28.07.2010;10
41;94;633;30.06.2012;9
11;94;1035;30.01.2006;1
80;95;843;23.01.2009;10
59;95;141;17.09.2012;6
35;93;267;15.05.2013;9
74;96;885;19.04.2011;5
59;95;676;21.02.2017;9
72;95;422;1.03.2018;4
49;93;1102;9.10.2005;6
3;93;114;18.12.2011;7
90;95;1347;29.11.2008;2
48;96;1342;17.01.2015;10
54;94;716;15.06.2012;5
7;93;842;15.04.2013;10
14;93;390;16.08.2010;7
73;95;1366;28.10.2013;6
74;93;621;2.05.2012;7
23;95;35;30.01.2015;10
44;95;864;19.08.2008;7
63;98;1276;31.08.2009;7
24;97;699;22.06.2008;8
33;97;493;3.06.2011;6
86;99;1556;27.07.2017;6
2;99;1422;2.03.2004;3
16;100;51;23.09.2014;4
50;98;763;5.11.2014;5
33;99;321;6.02.2012;9
55;98;1576;8.01.2009;10
61;97;944;16.05.2010;6
84;100;1468;10.03.2008;1
14;99;1397;15.09.2008;6
56;100;831;8.02.2004;3
33;98;255;13.12.2016;9
19;97;1246;13.09.2012;5
40;97;132;15.06.2006;7
10;97;756;11.10.2006;8
58;97;1256;9.05.2014;9
85;98;735;28.05.2017;6
25;97;444;4.09.2014;3
23;99;967;25.10.2009;1
35;99;1505;1.12.2009;2
34;98;97;17.02.2004;2
80;99;714;3.07.2012;9
3;99;954;17.05.2014;4
64;100;1188;21.07.2008;9
8;98;1475;13.11.2005;5
23;99;810;25.05.2005;2
51;97;786;28.06.2015;3
11;98;1231;21.11.2009;4
54;97;74;23.08.2012;1
24;97;168;27.05.2017;2
85;98;583;22.05.2006;8
89;97;793;12.08.2015;10
32;99;1418;13.10.2004;10
19;97;371;20.11.2009;6
65;97;840;4.01.2008;2
40;97;507;27.10.2011;5
79;97;1336;12.10.2004;6
58;99;1138;24.04.2012;2
75;98;152;21.07.2007;7
8;100;1586;1.01.2004;7
51;98;904;28.03.2008;2
79;100;1004;22.04.2018;3
34;97;558;9.05.2011;7
83;102;838;25.09.2015;3
57;103;207;30.06.2004;6
58;104;89;18.07.2006;6
47;101;670;24.04.2011;9
14;103;232;3.07.2014;1
50;101;85;13.02.2017;3
19;101;481;11.07.2013;2
69;102;745;24.01.2016;10
57;102;1516;1.07.2005;10
53;103;268;25.02.2006;10
39;102;1174;2.02.2016;5
67;104;1567;9.03.2015;1
41;103;257;23.06.2010;4
77;103;647;31.03.2015;3
57;103;1124;10.12.2004;1
26;104;1080;2.03.2018;1
15;103;217;29.12.2010;9
88;101;488;19.01.2017;3
36;103;857;1.08.2016;10
74;102;805;18.07.2004;2
88;104;82;26.05.2009;8
36;102;1464;18.03.2015;6
54;101;109;18.04.2006;1
70;103;1225;1.11.2006;7
45;102;347;5.05.2007;10
70;104;330;14.01.2018;4
7;103;947;4.12.2015;3
60;103;495;12.10.2011;10
83;103;497;1.01.2010;10
42;101;718;26.05.2015;4
14;103;1178;14.07.2015;2
82;102;10;11.01.2018;6
70;101;426;22.06.2015;7
88;103;1582;1.02.2005;3
1;102;1152;21.11.2011;5
17;103;165;19.05.2007;7
43;101;108;23.11.2004;2
9;103;875;23.04.2004;7
34;103;1006;16.05.2005;1
47;104;287;29.12.2013;4
48;104;1292;11.09.2015;4
89;101;623;9.03.2018;5
44;103;1595;21.07.2010;3
55;103;368;21.02.2016;5
20;102;1408;17.06.2005;1
85;101;940;6.04.2017;2
4;104;720;26.01.2018;10
23;102;544;2.04.2011;10
51;104;986;17.02.2012;8
84;101;1562;21.11.2005;8
68;102;965;31.12.2009;1
90;104;1184;6.12.2014;4
57;101;199;7.05.2014;3
22;104;1401;27.02.2016;5
17;102;1492;23.05.2016;8
48;103;1081;15.09.2013;5
55;104;636;7.03.2008;4
46;103;167;10.03.2014;8
2;103;1472;16.05.2005;7
45;103;771;29.11.2008;3
1;107;577;24.04.2016;10
52;107;464;20.01.2014;7
18;107;237;24.06.2005;10
39;107;231;27.10.2010;5
18;105;1616;20.11.2005;5
65;108;342;26.02.2017;4
81;108;204;23.03.2013;2
88;107;130;26.02.2012;5
90;106;820;14.03.2010;1
6;105;936;19.07.2013;2
53;105;1604;14.05.2014;4
27;105;1223;21.05.2005;4
72;107;610;13.06.2013;3
45;108;915;25.06.2010;7
68;105;884;1.04.2016;9
60;107;1309;12.09.2005;7
30;107;794;17.10.2006;3
85;108;1261;30.12.2007;8
28;108;117;26.12.2016;1
7;108;615;16.09.2015;2
46;105;70;23.06.2013;10
78;108;606;15.05.2012;3
69;107;355;3.01.2009;1
20;106;20;14.02.2011;4
48;106;116;11.07.2009;10
9;106;664;18.09.2016;7
49;106;1607;10.05.2006;7
34;108;789;15.10.2011;4
6;105;563;27.03.2006;1
48;105;557;24.06.2007;4
27;108;203;15.03.2015;7
8;106;56;9.04.2011;3
28;108;1015;19.10.2007;1
67;105;472;12.07.2007;3
87;105;1450;4.09.2007;7
1;108;1099;31.05.2004;6
67;106;1338;12.06.2004;1
6;105;960;5.05.2016;4
32;105;439;4.11.2016;1
32;107;276;20.11.2016;7
47;108;32;2.01.2015;3
55;107;903;11.12.2011;2
30;107;1270;7.06.2017;9
56;105;452;15.11.2011;8
37;107;578;18.06.2012;2
88;111;836;27.06.2004;5
64;112;176;29.11.2005;3
69;109;192;19.01.2017;4
63;110;1589;5.11.2005;6
56;109;841;25.07.2010;10
64;109;549;12.05.2006;4
29;112;618;4.03.2010;5
20;110;258;14.11.2012;1
75;111;1300;25.08.2008;2
22;110;1252;19.04.2017;2
23;109;440;10.05.2004;8
71;112;570;4.02.2015;4
19;110;575;21.04.2006;3
24;109;907;30.07.2010;1
90;109;511;1.04.2013;4
61;110;1575;30.04.2004;1
6;109;421;11.01.2010;8
73;111;362;26.05.2011;3
77;110;1569;7.04.2015;7
34;109;1596;2.03.2014;5
6;111;1016;12.07.2011;4
27;110;1154;9.07.2015;6
50;112;1014;1.08.2008;10
46;112;795;13.07.2006;5
21;109;1177;18.11.2016;10
66;110;409;24.10.2014;5
14;112;1233;2.01.2012;6
55;110;1597;8.09.2004;1
56;110;872;2.01.2013;5
70;109;654;16.05.2009;4
55;110;640;12.10.2016;2
60;110;1378;4.04.2015;4
45;111;1278;3.07.2012;3
15;112;1137;26.11.2006;3
72;109;101;3.09.2006;3
51;109;849;3.01.2011;6
69;110;103;7.08.2012;10
12;111;697;12.03.2006;2
2;110;548;15.06.2011;3
24;110;386;30.04.2009;5
47;109;515;20.01.2008;1
55;111;478;3.05.2008;8
81;112;1352;17.03.2017;4
1;110;518;26.01.2015;2
4;592;1590;22.09.2017;1
81;559;225;2.05.2015;8
65;88;1303;9.01.2018;3
55;968;1153;21.02.2017;6
85;963;486;15.05.2015;6
34;396;368;5.10.2014;9
8;782;215;21.11.2018;3
75;99;326;13.07.2015;3
24;781;1136;20.09.2014;3
57;458;555;29.11.2015;10
50;767;1176;10.07.2016;6
11;84;301;10.06.2017;9
6;129;1131;1.02.2017;10
8;619;556;1.02.2016;5
43;289;57;23.03.2016;7
74;836;1583;17.11.2015;1
79;89;342;16.03.2017;3
13;801;934;10.02.2019;10
16;390;422;6.02.2016;2
3;112;1300;16.09.2017;4
88;82;968;7.06.2017;9
72;95;962;10.11.2016;7
1;210;427;19.02.2018;8
3;99;274;10.01.2015;9
14;92;825;7.12.2015;9
67;97;1062;24.06.2015;6
44;953;10;21.09.2014;4
58;105;501;6.06.2018;5
44;794;527;4.11.2015;4
8;109;1454;4.10.2014;3
15;100;260;24.02.2016;8
47;102;292;25.09.2015;9
30;340;692;14.02.2017;4
22;86;506;21.04.2017;4
31;92;1102;17.04.2016;10
35;1105;21;1.12.2014;9
78;110;638;22.02.2017;1
58;955;519;11.04.2015;7
77;103;1009;14.03.2017;2
56;91;1465;17.06.2018;6
26;91;1449;21.10.2016;1
64;1127;1418;6.06.2015;2
80;1056;165;5.05.2016;7
52;148;774;29.10.2017;9
46;935;1155;12.01.2019;4
21;1118;724;6.04.2018;9
27;90;548;4.06.2017;10
11;431;352;10.02.2016;3
64;358;331;20.03.2018;9
60;1044;870;28.01.2019;1
88;1067;1346;9.03.2016;2
14;526;135;10.10.2014;6
51;93;1320;6.03.2016;4
13;94;402;16.12.2017;6
51;111;1527;7.11.2017;1
27;88;1548;4.11.2017;3
85;222;1568;15.02.2017;3
72;91;453;28.10.2018;6
40;85;88;28.02.2016;1
71;382;788;10.12.2014;1
51;95;1345;2.10.2018;5
66;381;415;11.10.2017;1
74;486;1331;29.05.2017;6
53;88;1392;28.07.2015;8
46;55;577;3.02.2019;8
72;1116;1363;14.01.2015;5
36;594;655;15.05.2017;6
14;54;72;25.05.2018;5
81;384;1288;26.02.2015;2
50;89;1501;15.09.2015;1
18;954;438;25.04.2016;7
61;89;827;19.02.2019;10
81;1114;552;4.10.2018;1
6;1103;42;1.01.2019;1
53;268;221;23.12.2018;4
70;722;355;19.12.2017;6
11;108;50;30.09.2017;10
26;13;591;16.05.2016;1
68;803;1227;2.06.2017;3
14;1139;15;28.12.2018;10
74;772;136;27.08.2017;9
75;1089;568;6.07.2018;4
73;392;1293;13.05.2016;5
80;244;1326;7.07.2018;1
78;659;551;26.12.2016;2
89;87;829;10.10.2015;4
63;341;703;31.03.2015;4
48;1018;1094;8.11.2017;1
74;529;1604;13.10.2016;4
67;640;844;16.07.2016;1
25;538;686;16.07.2017;8
86;1088;1533;4.08.2015;4
34;1050;431;20.11.2016;1
19;521;1195;18.09.2017;4
27;108;1550;14.10.2016;3
62;887;557;28.10.2016;10
51;842;1429;12.10.2017;4
60;596;267;26.06.2016;2
53;442;340;21.05.2017;5
38;973;987;7.12.2016;1
4;175;789;3.03.2018;4
68;105;204;5.01.2018;1
77;694;639;9.12.2014;1
80;18;1508;10.02.2017;2
66;1130;457;30.08.2018;10
24;92;213;2.07.2015;7
27;345;759;9.11.2016;1
17;629;780;5.12.2014;6
58;19;1542;16.02.2016;7
9;422;435;23.10.2015;3
55;428;750;10.01.2016;3
84;253;1290;12.06.2017;5
7;735;631;4.07.2016;5
60;424;65;15.11.2016;6
61;906;981;15.06.2017;9
69;215;1476;15.11.2014;7
66;575;1350;13.10.2018;4
55;631;294;13.01.2016;2
24;1193;1601;29.11.2017;3
34;42;758;29.06.2015;7
8;103;832;25.11.2014;6
30;213;1582;3.03.2017;8
87;558;323;17.10.2014;8
21;1129;1394;18.01.2017;3
15;759;1173;20.12.2014;4
54;1110;434;27.02.2016;9
89;669;1250;11.02.2019;4
30;261;303;19.07.2017;5
80;543;826;18.08.2016;5
39;576;1589;5.04.2016;2
84;414;374;11.02.2016;1
23;574;948;19.10.2016;10
34;101;1007;25.11.2016;1
8;134;520;24.06.2016;3
37;243;558;9.08.2016;10
79;212;1468;28.05.2015;2
47;655;1581;1.12.2017;6
4;634;932;17.03.2018;1
38;49;1165;1.10.2016;2
16;923;783;26.10.2014;10
80;1121;1364;17.04.2015;1
56;95;1278;3.01.2018;7
13;102;48;26.06.2017;7
41;686;1267;4.10.2017;2
63;933;975;13.08.2015;1
75;24;951;13.04.2015;8
57;93;1510;25.09.2016;3
46;82;510;13.03.2018;5
28;835;396;7.12.2017;1
13;304;1514;4.09.2017;10
45;99;455;20.09.2016;6
70;1182;1003;19.11.2017;6
28;861;668;1.02.2018;5
75;627;1074;17.02.2015;10
71;110;652;27.03.2016;8
59;38;2;30.08.2017;1
10;974;1612;29.03.2018;10
85;87;359;25.04.2017;8
81;198;862;25.02.2015;8
29;354;250;9.06.2018;1
9;155;1017;10.09.2016;6
62;889;60;2.11.2016;9
73;819;1486;24.08.2015;8
35;294;731;9.02.2015;1
32;1070;1492;22.01.2017;9
47;291;406;7.02.2015;5
48;98;1498;21.07.2016;3
12;269;1504;20.10.2018;5
77;86;1405;11.12.2016;3
33;985;1519;26.08.2017;3
35;778;627;21.07.2015;7
19;928;1008;16.05.2015;1
18;1047;1175;21.06.2018;6
39;364;733;23.05.2015;10
65;909;811;4.09.2018;10
85;85;25;5.11.2014;1
4;1034;1207;2.12.2017;9
64;92;383;12.05.2017;5
14;701;1048;24.01.2015;7
80;303;583;17.12.2014;3
38;609;1214;29.08.2015;1
32;1152;662;26.05.2016;7
90;328;24;20.01.2017;10
68;651;1262;18.10.2016;10
71;109;1200;21.06.2016;4
66;800;336;15.05.2016;2
1;191;420;8.09.2016;7
74;1077;837;2.10.2017;7
66;110;1385;19.01.2016;7
82;936;782;7.02.2019;1
75;617;1281;14.11.2014;9
6;95;509;11.11.2017;8
77;94;595;21.07.2018;6
25;114;1170;24.02.2015;2
81;1180;554;12.07.2017;9
35;713;1179;7.08.2017;9
3;92;356;9.03.2018;1
22;64;877;5.01.2016;10
41;346;623;11.01.2016;3
31;1021;1244;25.04.2018;3
40;1003;834;25.12.2017;7
63;224;1369;12.06.2015;1
22;895;441;22.12.2018;2
43;802;1112;30.06.2016;1
6;721;1264;3.12.2015;6
20;103;200;14.04.2017;2
17;898;32;5.10.2015;9
54;108;900;30.07.2018;9
54;110;1041;1.03.2016;9
20;1157;629;30.10.2014;4
35;992;370;12.10.2015;4
30;785;1248;18.01.2019;7
90;840;538;4.04.2018;10
61;752;447;1.11.2017;8
32;720;1223;23.02.2017;3
9;1111;1256;8.09.2015;2
88;568;496;18.05.2018;6
31;888;699;29.09.2016;4
49;934;350;9.07.2015;7
8;300;1585;6.06.2017;5
74;871;588;8.12.2017;5
85;696;120;3.02.2016;1
3;107;243;1.07.2016;2
36;1122;1371;14.06.2017;1
53;90;1356;26.12.2018;1
37;302;546;24.09.2014;4
78;62;1271;25.12.2015;4
37;255;38;19.01.2015;1
36;925;658;21.03.2018;8
81;105;1580;20.03.2015;10
58;886;23;13.11.2016;1
39;869;1144;29.02.2016;3
34;350;1066;5.02.2015;10
24;499;1270;15.04.2016;10
69;519;322;30.12.2015;3
59;89;378;2.03.2015;2
68;101;666;18.12.2015;8
52;822;305;15.12.2015;6
68;119;930;5.07.2017;3
35;317;80;18.01.2016;10
7;885;1451;12.11.2016;6
47;1160;739;25.07.2017;1
57;1192;1160;25.11.2018;2
7;489;1354;13.06.2018;6
19;1104;907;23.03.2018;7
8;86;1134;21.08.2016;7
3;259;852;19.05.2017;3
34;288;1184;17.11.2018;1
34;1026;763;6.10.2018;2
62;573;604;28.07.2018;5
14;653;882;27.01.2019;9
69;853;218;6.02.2017;6
85;1166;989;25.10.2014;3
7;95;9;2.02.2016;5
43;92;181;31.08.2016;6
9;999;1427;20.10.2014;3
90;1028;1333;12.11.2014;4
32;115;636;11.07.2017;6
15;457;1275;6.04.2015;2
11;632;206;19.08.2015;4
38;509;820;6.09.2016;5
78;185;1475;20.12.2018;1
51;104;728;7.01.2016;2
12;89;1546;18.09.2014;10
37;177;472;26.04.2015;3
61;110;727;19.09.2018;2
18;837;1436;13.06.2016;1
32;277;1289;8.11.2014;7
2;95;779;29.11.2016;3
32;726;1122;19.09.2014;4
90;1205;1105;25.07.2015;1
49;249;324;6.05.2017;2
45;369;479;26.01.2019;4
23;39;1428;19.04.2016;10
68;324;821;18.11.2017;7
89;470;1598;19.06.2017;7
70;374;78;12.12.2016;5
52;1134;1167;26.05.2015;6
40;685;964;21.04.2016;7
58;579;460;28.08.2017;2
58;430;29;30.04.2016;8
18;245;117;1.06.2017;6
4;216;285;5.09.2015;1
4;744;1151;8.01.2018;4
45;1149;293;4.02.2016;7
47;85;353;11.07.2015;1
66;929;318;1.11.2015;9
15;81;247;19.05.2018;6
8;107;1395;22.04.2016;5
30;102;492;23.01.2017;1
33;218;1606;24.11.2018;8
9;814;97;16.12.2016;6
90;857;1121;19.01.2017;1
18;90;484;19.08.2017;5
19;700;1439;25.01.2016;10
81;228;618;13.10.2014;8
33;361;1164;21.03.2015;5
52;94;1108;9.08.2017;2
88;109;282;5.10.2017;2
1;56;1;26.02.2018;3
84;1004;1;5.10.2016;5
19;93;2;27.11.2014;7
11;105;3;17.09.2016;4
54;103;34;5.01.2015;10
78;859;199;23.07.2016;7
63;90;1190;1.04.2018;8
87;911;74;10.02.2018;2
45;21;1458;9.01.2016;5
8;485;818;22.06.2015;10
39;477;1039;20.04.2017;2
49;1119;495;22.06.2018;7
72;939;688;13.05.2017;10
24;908;155;15.10.2015;9
14;90;697;5.03.2016;2
53;1183;1117;12.03.2017;4
56;1115;622;19.10.2018;10
40;661;672;28.05.2016;8
46;314;845;19.09.2016;9
33;827;1203;2.12.2014;6
31;101;385;7.03.2015;1
8;1074;705;14.11.2017;5
31;623;1502;23.10.2018;6
25;1085;458;7.08.2016;7
11;282;1277;23.06.2018;4
57;1162;1067;3.04.2015;7
17;104;543;23.02.2019;9
78;508;302;25.12.2016;3
2;110;927;20.09.2017;2
11;231;1090;19.11.2018;5
27;68;3;9.11.2015;10
3;391;938;21.09.2018;10
34;756;632;12.10.2016;5
48;334;1597;8.04.2018;8
70;839;1455;15.11.2017;1
52;91;407;1.12.2016;8
55;86;1180;4.10.2016;4
11;738;602;1.01.2015;1
27;1150;1437;9.07.2016;3
88;1062;1053;4.02.2018;10
90;805;408;26.11.2017;7
63;355;190;12.08.2015;9
18;830;1586;6.06.2016;2
12;736;573;4.08.2017;1
13;676;5;19.12.2018;4
84;106;451;6.10.2014;9
28;89;249;26.06.2018;8
45;105;1177;3.01.2015;3
20;385;1005;26.03.2017;10
77;167;94;20.10.2016;7
69;834;1296;22.02.2018;7
42;951;93;23.01.2016;6
11;85;885;5.12.2016;2
67;86;812;29.05.2018;9
59;1073;436;11.05.2015;6
56;977;957;15.12.2016;7
71;93;1410;2.05.2018;10
9;1066;805;11.07.2018;1
42;153;804;12.01.2016;1
10;1113;1512;3.03.2016;9
49;40;847;20.04.2016;6
48;560;1188;2.09.2015;6
12;105;1318;25.06.2018;9
24;829;151;10.01.2018;3
85;221;283;11.02.2018;7
76;932;1245;5.12.2018;1
79;1128;644;20.11.2015;1
84;98;257;13.11.2017;5
33;174;793;27.10.2017;9
81;1117;1315;9.11.2017;4
77;1;685;21.02.2015;8
55;1099;657;6.04.2016;10
70;914;617;11.06.2016;9
9;976;445;21.05.2016;8
10;118;1069;10.05.2018;4
81;1049;1417;25.04.2015;8
24;540;684;1.03.2018;5
34;518;33;29.04.2017;9
5;105;162;9.07.2017;9
23;1200;1077;1.10.2014;3
61;969;831;7.03.2016;8
18;366;81;9.05.2016;5
29;586;1511;4.09.2016;5
76;85;625;11.01.2017;2
17;506;841;26.11.2018;3
3;737;69;4.12.2014;7
61;550;1564;2.03.2018;7
30;1005;1030;1.01.2017;6
72;103;1406;15.01.2017;4
24;367;232;29.05.2015;4
64;635;593;23.12.2017;3
41;109;309;23.09.2018;7
80;11;1236;1.08.2017;7
35;716;166;9.07.2018;4
86;516;942;29.10.2014;8
46;1165;192;21.01.2017;8
54;95;1013;16.03.2018;4
43;103;1229;31.08.2015;4
74;2;939;18.07.2017;8
69;684;1332;23.11.2018;10
6;110;400;18.08.2017;10
79;266;150;18.04.2018;10
76;1098;1432;1.10.2017;7
48;110;1471;20.09.2015;7
48;724;579;27.03.2015;1
76;681;480;26.07.2015;1
47;108;1113;10.10.2017;9
84;363;358;28.01.2017;8
2;53;193;19.02.2015;2
15;72;178;11.01.2018;7
73;157;525;26.04.2016;3
89;1214;1384;12.10.2018;3
86;41;854;24.01.2019;5
6;83;1291;23.10.2016;4
21;103;1006;6.11.2018;8
29;491;587;23.09.2015;2
45;426;1484;27.06.2015;10
79;246;1524;26.10.2018;4
67;397;1317;27.05.2015;9
85;1145;542;10.08.2018;10
65;997;473;9.10.2017;2
51;368;180;18.10.2015;7
57;552;502;4.12.2016;3
50;92;238;5.12.2015;5
87;1061;730;27.03.2017;3
85;403;1126;11.03.2018;10
49;1091;1505;11.08.2017;6
18;646;1065;1.03.2015;9
22;87;654;19.09.2017;6
5;776;908;28.03.2015;5
48;89;1049;14.02.2015;4
50;103;605;3.12.2018;7
61;102;764;29.11.2018;7
34;103;1359;16.10.2015;8
63;1153;1561;7.02.2018;2
25;1203;1149;5.03.2018;5
37;241;217;5.02.2018;6
85;91;581;24.12.2014;5
45;82;491;9.02.2016;10
35;85;310;27.03.2018;4
38;419;507;30.01.2015;3
17;1109;664;16.02.2015;1
4;813;1085;11.05.2018;1
32;465;1310;3.05.2015;1
16;633;1163;20.10.2015;7
71;108;313;10.08.2015;7
79;357;614;9.01.2017;5
48;87;1457;27.11.2018;6
13;741;487;25.02.2016;2
71;172;1520;16.12.2015;10
42;92;1294;10.11.2014;3
88;92;67;7.05.2017;6
20;878;736;14.03.2016;7
61;12;1266;10.12.2018;4
3;234;958;17.08.2015;8
10;528;489;30.09.2015;2
6;32;514;20.02.2018;1
54;791;1532;18.12.2017;6
60;1195;912;13.03.2017;3
24;105;997;7.07.2017;7
56;86;1362;25.10.2015;8
28;158;22;4.03.2018;10
13;107;214;30.11.2017;4
15;208;718;14.10.2015;5
52;557;1496;26.05.2018;6
48;479;571;4.03.2015;8
56;471;295;14.10.2014;1
48;102;291;25.09.2017;2
63;30;299;10.12.2015;6
31;278;836;14.01.2018;6
17;913;996;12.11.2017;3
89;693;751;1.08.2015;4
19;102;1368;6.01.2016;7
71;17;34;4.07.2017;3
61;347;1588;18.09.2015;1
5;111;707;23.11.2014;10
69;93;856;4.06.2015;8
23;828;1252;12.02.2019;9
62;483;474;28.12.2015;2
20;90;744;30.04.2017;3
69;565;1261;1.12.2015;10
74;652;208;31.12.2016;3
51;534;1531;22.04.2015;3
29;981;833;5.08.2017;5
69;409;896;18.11.2015;1
86;37;86;21.01.2019;1
35;95;398;22.01.2015;5
15;1036;296;14.01.2016;1
57;159;153;18.08.2015;2
46;166;152;14.01.2019;6
10;90;202;6.03.2015;9
48;699;1473;6.09.2017;1
66;673;969;6.01.2018;3
2;69;258;13.02.2019;3
55;578;276;6.05.2016;2
31;250;1464;3.01.2016;8
1;1197;1459;26.07.2018;6
56;108;1119;2.09.2016;3
43;272;842;8.01.2019;3
48;1131;119;21.08.2018;4
52;107;1186;21.12.2015;1
77;83;1336;8.11.2016;9
82;1142;1246;26.04.2018;2
79;110;998;31.05.2017;3
8;187;1324;28.06.2018;4
23;329;90;12.02.2015;4
72;679;615;19.08.2016;9
46;544;475;3.12.2014;6
42;15;1576;26.12.2015;3
10;944;1373;24.03.2018;1
48;610;1419;6.03.2018;8
22;680;1295;27.05.2018;7
74;697;375;18.12.2018;9
34;1069;461;16.08.2017;10
37;1015;598;30.11.2014;6
79;283;712;28.03.2016;9
75;161;1238;3.05.2017;1
26;433;134;12.03.2018;10
65;555;437;30.01.2017;7
6;649;399;3.11.2018;6
70;257;597;3.07.2016;4
45;501;1338;13.12.2018;5
19;1023;807;27.01.2016;7
54;164;1340;18.01.2018;9
10;719;344;7.10.2017;1
57;667;1375;31.08.2018;2
69;310;1607;11.11.2015;9
80;645;1015;4.04.2017;4
63;864;230;26.10.2016;8
60;1084;1202;17.12.2016;2
49;91;1099;30.07.2017;9
78;849;1260;16.10.2014;3
86;815;773;6.01.2015;10
21;443;1004;23.06.2016;4
47;862;1577;19.08.2018;9
78;824;419;28.06.2016;5
57;865;1021;18.10.2014;4
89;96;922;24.10.2015;9
84;512;167;18.02.2018;2
66;211;1544;29.04.2018;5
39;570;1562;29.12.2018;1
84;1184;1068;15.06.2016;7
2;86;1118;6.11.2015;10
28;92;523;29.07.2015;9
3;514;745;24.09.2015;3
63;100;535;24.09.2018;10
79;285;109;2.03.2017;6
71;238;1088;5.09.2016;2
84;100;663;27.12.2017;7
4;110;1584;16.09.2016;5
27;445;897;10.04.2015;1
46;907;1181;6.08.2015;10
54;1178;503;24.08.2016;9
68;165;725;16.11.2014;2
47;779;1158;3.11.2015;1
56;74;1574;15.10.2017;6
3;88;315;23.07.2018;7
10;99;645;20.04.2015;4
78;500;562;13.09.2017;5
60;1092;765;29.05.2016;1
8;750;633;5.08.2018;10
8;92;524;27.02.2017;3
27;1137;1283;16.04.2017;6
81;448;522;13.04.2017;9
41;1179;935;16.06.2018;8
4;103;104;8.03.2015;5
75;1040;129;12.04.2016;1
78;1140;55;15.04.2015;4
16;1024;1413;25.05.2017;10
64;90;1482;9.09.2018;4
34;107;933;21.12.2016;9
67;143;1578;6.04.2017;6
61;227;279;7.05.2016;6
90;407;1193;16.08.2016;2
23;996;634;10.08.2016;2
17;648;1071;13.12.2014;9
66;79;1566;10.01.2019;2
12;90;1339;11.08.2016;10
37;1132;1050;10.06.2016;6
4;1204;201;26.11.2016;2
53;91;594;25.11.2017;7
11;598;902;28.01.2015;6
34;220;1095;27.11.2017;3
5;644;857;12.09.2016;4
43;109;439;7.06.2016;5
86;81;233;10.03.2015;8
6;101;651;27.12.2014;6
51;147;753;16.09.2015;10
28;106;63;10.03.2018;8
71;811;965;16.05.2017;7
57;45;1539;10.05.2015;8
75;95;863;25.10.2018;2
12;1210;1237;14.09.2015;8
20;89;979;12.07.2015;5
77;98;1528;13.09.2018;10
73;650;7;15.08.2015;5
55;549;824;27.10.2016;2
28;95;478;28.11.2015;8
46;287;1472;3.09.2018;5
37;93;1462;8.08.2018;9
34;110;64;24.04.2016;7
71;668;361;22.09.2018;2
61;339;157;5.02.2016;3
7;87;246;7.11.2015;1
27;109;1292;12.11.2015;5
19;611;1490;30.10.2015;4
3;770;991;26.09.2015;8
41;850;1553;4.01.2019;6
74;1106;1523;28.09.2017;9
21;554;560;26.06.2015;4
72;848;211;12.12.2017;8
88;591;1022;23.11.2015;1
5;1045;1089;18.04.2016;5
35;170;755;21.09.2017;10
61;379;464;31.10.2018;6
14;132;252;8.01.2017;1
5;87;1538;27.10.2014;10
85;121;12;19.09.2015;4
48;711;747;4.01.2015;3
6;583;1254;3.07.2018;9
83;793;220;19.06.2016;4
21;223;921;31.07.2016;2
14;408;915;8.02.2019;3
47;85;448;15.02.2016;4
69;905;1082;22.10.2016;5
37;601;58;31.12.2017;9
7;986;1503;2.11.2014;1
80;901;926;29.09.2018;8
34;88;1208;1.09.2018;7
80;60;815;31.08.2017;3
22;440;888;3.02.2017;3
24;81;828;6.12.2014;2
54;100;159;15.07.2016;7
57;237;1129;12.01.2018;10
18;232;404;15.06.2015;5
56;93;704;22.07.2017;4
4;806;346;9.10.2015;4
17;81;432;19.06.2018;5
20;1093;529;5.08.2015;4
86;86;1547;24.12.2016;5
72;84;1209;11.12.2015;3
23;97;1232;14.10.2018;10
47;595;130;3.09.2017;3
70;91;1463;1.07.2015;2
60;446;599;1.06.2016;4
84;271;898;30.10.2017;10
6;111;513;5.11.2018;9
77;978;687;19.06.2015;2
20;1191;1054;7.06.2015;3
81;1170;185;31.05.2015;7
49;73;592;18.07.2016;9
30;92;875;13.08.2017;3
37;103;254;22.05.2015;4
42;418;137;29.01.2018;9
55;305;182;16.10.2016;8
11;106;1058;24.01.2016;6
76;97;1411;3.11.2014;8
61;1042;660;12.09.2018;2
46;1126;1474;22.01.2016;4
9;569;327;18.06.2016;3
51;108;71;28.01.2018;4
23;1154;528;20.07.2018;2
58;511;456;17.08.2018;6
13;972;1618;7.11.2018;6
18;99;1011;24.04.2018;3
33;98;1516;11.10.2016;9
84;1164;800;16.07.2015;1
51;25;174;1.08.2018;9
5;872;465;3.04.2017;3
54;826;132;15.02.2018;8
66;1030;1201;3.10.2014;10
14;205;709;24.10.2014;8
43;427;994;27.01.2015;4
39;706;1489;27.06.2018;2
65;96;1154;9.08.2018;7
40;960;1247;17.03.2017;1
13;705;1316;2.07.2016;1
26;87;1233;18.06.2018;10
55;472;756;25.12.2014;1
45;323;51;23.03.2017;8
66;58;708;1.11.2018;3
90;297;35;11.08.2015;4
28;398;1242;23.08.2017;4
69;704;835;11.09.2018;8
3;1208;272;13.03.2016;3
16;86;84;29.12.2015;1
55;454;1398;25.03.2016;7
6;270;308;19.12.2015;6
39;956;572;3.09.2015;9
60;97;806;24.05.2015;10
73;91;1414;31.10.2015;6
83;101;1279;14.10.2017;2
30;703;1219;14.02.2019;4
35;102;1431;18.05.2017;5
14;9;1012;23.02.2016;1
57;333;569;7.08.2018;1
76;915;53;5.03.2017;1
11;1172;384;22.01.2019;1
74;504;367;30.01.2018;7
38;47;1453;23.11.2017;5
87;847;298;31.12.2018;2
72;104;83;14.11.2016;3
68;459;89;14.08.2016;8
28;80;371;21.05.2018;10
57;733;449;28.02.2015;7
7;912;146;30.11.2015;4
89;1136;533;12.07.2016;7
18;670;976;28.03.2017;5
58;899;702;22.12.2017;4
64;50;397;17.01.2019;8
55;338;1301;16.03.2015;9
24;359;122;17.06.2016;8
14;180;944;21.12.2018;1
61;94;268;19.01.2019;2
84;133;673;3.07.2017;3
57;112;928;8.05.2015;2
7;949;1349;3.08.2016;4
7;85;43;5.01.2019;9
7;103;470;7.09.2015;6
3;1124;224;4.08.2016;7
17;1107;1251;15.02.2015;4
3;476;1575;31.07.2017;3
53;88;866;16.05.2018;5
40;580;768;11.11.2018;8
37;710;635;24.12.2015;2
12;292;1222;2.01.2017;8
65;1007;1443;2.07.2018;6
27;682;1620;7.09.2016;9
42;1080;899;17.07.2016;3
8;93;813;8.06.2016;3
47;93;1116;22.06.2017;8
81;727;1230;27.07.2016;2
48;890;1522;9.11.2018;5
89;423;1194;16.07.2018;7
23;94;952;10.04.2016;1
69;505;1161;6.07.2016;10
18;91;949;17.01.2015;7
79;1025;335;30.04.2015;3
7;362;726;28.11.2017;1
41;254;412;19.02.2016;1
30;372;676;28.05.2017;7
2;660;1560;10.11.2015;3
47;98;691;15.07.2018;3
35;1041;843;23.05.2018;5
78;336;1376;8.05.2018;1
22;97;273;14.05.2016;1
2;104;532;28.03.2018;7
58;380;990;23.10.2014;7
89;279;1024;26.08.2015;1
3;82;769;31.05.2016;3
36;98;210;26.08.2016;2
69;916;559;1.05.2016;1
73;320;1284;9.04.2018;10
26;96;696;4.02.2015;5
48;950;70;15.08.2016;10
89;101;798;15.07.2017;9
84;1083;354;9.04.2016;7
7;987;1038;7.05.2018;9
41;1072;1000;29.03.2015;5
52;1033;1450;24.12.2018;10
20;242;37;9.10.2018;10
25;995;646;9.10.2014;7
47;82;580;22.12.2016;4
51;893;490;13.12.2015;6
89;753;314;4.01.2016;2
42;26;929;15.04.2018;7
41;101;262;28.10.2017;6
82;883;1361;15.03.2016;8
79;876;227;17.07.2015;8
40;90;426;25.02.2018;6
27;111;797;25.01.2017;1
45;373;1020;11.02.2017;6
6;46;609;1.11.2016;7
83;109;388;15.09.2018;2
48;6;411;30.06.2017;1
56;98;1488;16.03.2016;10
37;626;1545;5.11.2015;5
64;487;1563;12.08.2018;10
90;101;1081;21.04.2018;2
42;755;242;8.05.2017;2
63;808;39;24.05.2016;5
8;83;1592;8.12.2014;8
56;281;920;13.05.2015;3
24;176;1070;9.06.2016;10
16;91;61;14.05.2017;9
60;108;288;29.09.2014;9
73;31;1321;30.05.2017;8
5;178;1377;20.07.2017;3
47;101;787;26.11.2014;6
89;833;917;14.06.2016;3
18;97;1617;30.03.2017;10
33;112;810;16.10.2017;6
18;542;1198;4.05.2016;8
38;460;1123;1.09.2015;9
3;99;864;29.04.2015;2
55;52;778;19.12.2014;2
3;590;517;9.05.2018;6
33;461;563;29.04.2016;4
67;1135;1080;2.02.2018;10
89;962;454;26.05.2017;8
74;82;1139;2.11.2017;6
42;566;1525;14.04.2018;2
50;108;1189;3.02.2015;8
15;674;608;9.10.2016;8
79;587;600;16.08.2015;5
25;82;332;12.02.2017;2
85;1188;1100;24.07.2015;10
37;77;59;29.06.2017;4
7;109;711;3.04.2018;6
31;545;373;12.09.2015;7
89;104;1445;8.04.2015;7
7;675;1579;11.04.2017;7
30;91;205;24.09.2016;8
67;91;1352;11.06.2018;10
84;843;96;13.08.2016;1
70;1059;1322;23.06.2017;10
1;942;1106;17.08.2016;6
1;637;173;28.02.2018;6
65;480;611;2.01.2018;7
68;400;1565;8.12.2018;9
39;102;316;30.08.2016;3
7;749;133;12.04.2015;8
33;821;970;28.09.2014;2
74;67;653;8.04.2017;1
41;387;1192;13.02.2017;6
86;683;680;5.09.2018;10
32;858;1142;27.12.2018;2
50;447;286;5.12.2017;1
21;61;207;29.07.2016;7
29;117;770;2.07.2017;3
29;135;1140;3.03.2015;1
14;293;785;10.07.2017;6
14;103;667;17.09.2017;2
25;572;1469;10.08.2017;2
56;316;164;15.12.2014;1
24;488;343;9.12.2016;7
80;233;1124;28.12.2016;7
72;439;1387;25.08.2015;9
73;110;381;27.08.2015;4
10;420;1059;8.10.2017;6
6;248;610;23.08.2016;3
37;797;1206;25.03.2015;10
46;747;203;18.06.2015;6
36;1057;244;27.10.2018;4
65;93;1109;20.07.2016;9
33;921;982;19.10.2014;8
64;169;714;4.02.2017;8
37;337;198;29.03.2016;4
89;97;17;23.04.2018;4
46;95;734;18.03.2015;3
87;92;1057;10.01.2017;10
11;138;1125;16.06.2015;7
48;695;98;9.06.2017;2
50;89;531;28.09.2016;7
2;1046;469;24.05.2017;4
54;81;186;14.11.2018;5
89;83;101;9.09.2015;3
60;101;801;5.07.2018;3
85;389;706;31.03.2017;10
61;523;307;31.12.2014;10
69;86;45;5.07.2016;10
70;106;1240;25.09.2018;8
34;111;390;27.06.2017;3
87;474;910;25.06.2015;1
42;825;1596;15.01.2018;6
59;515;1028;28.07.2017;3
88;1043;1042;23.01.2018;7
58;395;1036;14.08.2018;2
40;455;31;9.09.2016;4
65;186;1555;28.08.2018;4
69;1194;306;14.04.2016;10
37;948;228;13.10.2017;7
36;321;498;2.08.2018;9
13;537;861;22.09.2015;10
51;715;1518;13.10.2015;1
20;199;409;2.04.2015;4
81;103;131;9.03.2017;3
78;1176;112;17.10.2018;3
20;1155;1540;2.10.2016;2
16;1112;1178;2.02.2017;7
89;258;941;26.07.2016;1
42;27;1010;25.05.2015;8
66;1020;905;14.04.2015;9
32;879;771;29.11.2014;7
31;307;1171;14.02.2016;10
21;299;1365;23.08.2015;2
36;36;1319;27.04.2015;7
34;1189;1157;4.11.2016;5
82;97;1280;8.08.2015;3
71;48;575;20.08.2017;8
24;393;838;7.07.2015;4
68;818;52;12.04.2017;6
50;1159;698;19.04.2015;8
52;110;110;17.11.2017;9
59;375;690;1.06.2018;1
75;104;95;1.04.2015;3
8;106;1257;9.04.2017;6
1;219;649;17.01.2018;9
62;725;241;29.12.2017;6
71;100;1023;17.11.2016;5
6;551;661;24.03.2016;3
1;370;1231;2.06.2016;4
73;90;1515;5.05.2017;10
56;882;978;8.03.2016;9
58;214;695;19.10.2017;8
67;930;85;22.06.2016;10
69;589;659;17.02.2018;5
11;614;493;26.11.2015;8
59;1186;222;27.07.2018;2
63;958;1536;9.12.2018;7
51;1120;1602;18.12.2016;1
24;496;1446;27.09.2016;7
67;844;677;3.04.2016;5
21;689;1086;22.07.2018;5
26;404;126;22.11.2018;10
28;786;640;28.04.2016;2
49;846;1497;13.05.2018;1
38;965;534;12.06.2016;7
10;128;1351;3.09.2016;9
39;1000;321;1.12.2018;3
65;771;1092;14.08.2017;4
71;399;1541;30.10.2016;5
67;97;1145;29.09.2017;7
2;87;82;8.02.2016;5
88;993;999;29.12.2014;10
86;103;289;2.04.2018;3
73;475;822;21.02.2016;5
25;109;883;18.10.2018;8
87;982;124;16.01.2015;4
72;690;1132;15.11.2018;10
64;1097;1335;3.06.2015;7
27;1125;1386;24.10.2017;8
63;807;106;16.12.2018;2
84;792;118;7.10.2018;4
89;1209;148;29.09.2015;2
4;206;541;19.07.2016;2
25;527;1608;27.07.2017;10
69;692;1224;22.12.2015;9
25;197;231;24.08.2017;5
47;102;1313;21.05.2015;8
82;96;547;19.10.2015;10
28;1168;891;12.07.2018;1
89;654;1334;20.02.2015;6
30;101;386;21.10.2014;4
50;671;1537;2.11.2015;5
22;1102;1051;7.10.2015;5
19;606;516;3.02.2018;9
83;91;187;14.09.2018;5
80;84;13;28.10.2015;9
19;98;1138;12.04.2018;2
52;553;1409;17.02.2016;3
37;43;1263;10.12.2016;2
3;630;1556;25.01.2018;5
48;691;619;14.03.2018;5
18;874;1422;28.06.2015;6
6;86;582;28.02.2017;3
56;1101;1130;12.06.2018;5
44;85;1268;24.09.2017;6
61;85;1616;30.10.2018;5
73;729;606;13.06.2015;1
79;123;1415;23.04.2017;4
52;964;1328;11.04.2016;3
7;202;1327;13.04.2018;7
10;1123;1404;15.04.2017;2
50;28;328;22.09.2016;7
45;141;1611;22.05.2016;5
5;959;1478;10.04.2018;3
16;1076;123;5.04.2015;7
88;712;1185;27.09.2014;3
24;582;1029;2.12.2018;3
43;98;626;3.11.2016;9
32;856;1;1.09.2017;8
68;102;248;24.04.2017;10
50;444;796;21.09.2016;4
52;85;1314;20.02.2019;3
57;1078;512;4.12.2015;2
14;90;983;16.06.2016;4
24;832;665;8.03.2017;8
30;8;444;15.01.2015;6
51;603;255;11.09.2016;2
9;941;1357;20.05.2015;7
19;625;1258;30.09.2018;7
46;449;468;23.01.2019;1
40;1146;584;18.02.2017;1
2;113;387;1.01.2016;9
10;412;1500;13.11.2015;10
89;957;364;19.04.2017;7
29;620;425;8.01.2016;9
62;86;590;23.02.2018;6
9;103;1162;29.01.2016;10
76;1090;1299;17.10.2015;1
2;799;954;22.10.2014;5
84;1133;66;5.02.2017;7
12;111;421;17.01.2017;8
3;83;128;17.12.2015;7
90;87;401;20.03.2017;6
56;95;1143;7.04.2016;6
51;989;790;25.07.2018;7
81;1016;18;29.08.2017;4
15;137;1249;23.09.2016;3
29;605;738;27.04.2016;6
78;104;1329;10.06.2015;5
12;1058;337;20.12.2015;10
59;109;716;2.02.2015;3
17;103;236;19.03.2015;2
46;1175;488;10.07.2018;1
7;97;482;10.09.2015;3
3;91;28;5.11.2017;9
36;195;1018;4.02.2019;5
85;1177;537;27.09.2018;4
41;922;154;3.05.2016;7
24;903;429;4.05.2018;7
58;622;1366;25.01.2015;9
14;356;1047;17.03.2016;7
16;99;467;26.02.2016;3
37;492;1420;29.08.2016;5
53;309;1159;12.05.2016;2
56;466;1442;2.06.2018;3
88;867;992;19.03.2016;7
62;86;1470;17.10.2016;1
34;76;919;7.01.2015;3
48;139;873;6.05.2018;9
67;947;1174;12.02.2018;6
82;342;410;14.08.2015;6
84;484;1430;28.12.2017;1
53;739;391;8.12.2016;9
74;126;966;21.07.2017;3
24;331;721;21.03.2016;5
80;111;1444;11.12.2018;5
34;490;1001;19.03.2017;7
30;436;14;29.06.2018;10
51;556;993;25.08.2017;9
9;108;1120;28.05.2018;5
89;1206;974;7.07.2016;8
15;201;41;27.04.2018;10
30;866;329;7.10.2016;7
38;20;689;13.07.2016;2
30;561;1093;4.12.2018;8
49;93;1040;10.02.2015;6
89;588;176;2.10.2014;10
63;97;1493;16.04.2015;10
4;1082;1341;12.05.2015;10
17;643;223;3.11.2017;3
65;3;865;22.10.2015;3
12;108;1098;31.10.2016;4
62;541;1495;15.01.2019;8
56;63;197;13.02.2015;5
27;924;114;25.02.2017;6
48;236;351;29.06.2016;6
14;82;339;5.10.2018;3
65;239;27;31.01.2017;4
57;107;494;28.11.2014;10
46;183;561;1.02.2019;1
27;1087;963;12.03.2015;10
69;1011;1309;28.08.2015;3
71;450;1055;7.04.2018;4
57;757;1150;20.06.2018;4
66;101;550;20.11.2018;6
19;91;742;18.02.2019;2
47;240;775;19.05.2016;8
30;88;1407;13.04.2016;3
15;1086;1210;30.08.2015;4
87;103;196;5.06.2018;6
14;360;270;4.09.2015;2
27;101;1551;14.11.2015;1
21;286;139;23.08.2018;7
70;804;103;30.01.2019;2
37;344;977;30.03.2015;6
59;841;1127;10.09.2018;7
60;1138;1435;25.11.2015;9
86;927;953;30.07.2015;6
83;468;868;2.04.2017;7
33;1161;874;14.05.2018;9
79;87;1084;19.02.2017;5
31;97;1044;22.11.2015;5
57;663;1355;12.11.2018;3
69;456;341;9.12.2017;10
21;308;269;31.07.2018;1
13;146;879;3.07.2015;9
14;952;675;22.07.2015;10
82;984;1567;28.06.2017;1
6;796;75;6.10.2015;8
2;530;1305;9.03.2015;7
76;401;647;2.01.2019;1
84;493;1400;1.04.2016;7
56;136;1043;5.03.2015;6
49;89;1220;5.02.2019;2
81;777;1370;9.05.2017;6
4;209;1424;31.01.2018;8
1;93;452;17.05.2018;6
19;89;188;21.01.2018;10
81;495;884;18.03.2016;7
41;120;893;18.04.2017;1
61;434;102;5.08.2016;10
71;1169;1491;19.04.2018;1
86;881;414;11.08.2018;7
1;274;1399;4.12.2017;1
85;352;1506;30.06.2015;6
32;638;1228;17.06.2017;3
39;854;499;15.03.2018;1
40;1144;1487;18.09.2016;2
2;97;1156;11.09.2017;1
72;203;743;29.08.2018;2
19;938;1403;15.10.2014;8
47;1181;578;3.08.2015;2
62;106;266;15.08.2017;1
72;89;1274;8.02.2015;1
32;91;1101;30.05.2018;10
67;900;443;11.06.2017;10
73;85;380;23.09.2014;10
88;110;823;6.05.2015;4
21;1094;1269;26.01.2016;3
82;1207;365;22.02.2016;10
52;763;1517;29.10.2015;3
9;708;890;23.09.2017;6
81;59;913;31.10.2014;9
36;717;717;16.11.2016;2
59;1027;20;1.11.2014;5
75;548;259;8.09.2017;2
64;200;720;8.08.2016;6
13;91;799;30.11.2018;6
69;1001;1572;10.10.2018;9
23;452;372;28.09.2018;6
10;817;1110;11.04.2018;7
10;95;772;6.08.2016;6
56;918;904;18.03.2017;2
20;104;889;12.12.2014;5
84;1053;1253;26.03.2016;3
8;478;1107;23.10.2017;4
68;688;463;23.07.2017;7
30;517;251;22.08.2017;10
36;642;553;21.12.2017;3
1;311;127;18.11.2014;2
20;469;1619;4.07.2018;6
74;86;1060;8.01.2015;4
47;728;161;11.12.2017;1
37;1212;761;14.07.2017;3
3;1211;1571;2.09.2017;8
11;1019;277;1.03.2017;2
6;868;603;15.08.2018;9
5;994;1141;21.09.2015;3
53;1054;263;27.07.2015;10
72;188;530;5.05.2018;1
38;658;376;22.08.2015;8
1;83;1259;20.01.2018;10
9;766;416;26.02.2017;7
38;1148;1573;4.11.2014;4
19;672;1600;29.01.2015;9
47;260;1438;26.09.2018;6
32;1151;1529;21.11.2014;2
38;103;369;15.02.2019;9
83;107;694;15.01.2016;1
72;702;497;18.01.2015;7
42;910;713;27.05.2017;9
10;89;566;21.11.2015;4
9;97;853;8.07.2016;9
21;1167;956;27.06.2016;6
86;217;111;21.02.2018;10
27;502;539;6.12.2018;9
41;1198;284;23.04.2015;4
82;971;892;8.12.2015;7
75;103;1273;9.01.2015;5
90;111;1615;17.05.2017;10
75;621;536;10.11.2017;4
37;979;1426;18.03.2018;10
52;23;549;3.08.2018;4
13;98;1276;13.11.2014;10
81;602;317;25.07.2016;3
60;107;959;11.05.2016;4
44;723;678;31.05.2018;9
10;784;1265;6.02.2015;8
82;179;984;14.09.2017;1
59;745;177;24.10.2018;8
55;193;911;23.05.2016;2
49;190;931;19.07.2015;3
80;604;1594;26.03.2015;7
10;295;172;9.12.2015;10
19;774;872;9.01.2019;1
1;87;1168;28.04.2017;6
55;615;839;31.01.2015;3
11;1163;459;6.09.2018;5
31;140;1073;26.01.2017;9
76;189;330;20.08.2015;10
8;110;1593;16.01.2018;5
80;102;960;3.10.2015;5
25;91;746;7.12.2018;5
22;435;195;3.06.2016;1
34;75;1308;5.06.2017;2
70;348;1382;27.01.2018;6
73;85;333;12.08.2016;4
54;88;1239;24.01.2017;6
68;731;1169;10.06.2018;3
21;102;1425;18.07.2018;1
30;127;1135;1.02.2015;10
26;70;1390;17.12.2017;2
4;1012;776;24.11.2017;10
39;90;1389;15.10.2018;5
90;1006;8;11.01.2015;1
56;57;732;16.04.2018;4
49;90;858;28.09.2015;9
37;790;1367;24.08.2018;1
42;1174;87;20.11.2014;6
82;394;670;30.12.2016;10
21;441;511;10.09.2017;8
59;473;183;13.12.2017;5
88;105;334;24.07.2018;5
59;917;290;28.04.2018;3
3;437;476;28.01.2016;9
49;522;1182;8.10.2016;7
5;192;450;14.12.2015;6
15;1213;433;22.10.2017;10
45;525;540;19.05.2015;9
31;378;887;7.02.2016;3
47;103;393;16.02.2018;9
61;520;851;2.08.2017;8
59;109;145;17.04.2017;7
80;709;1530;21.10.2018;10
14;1064;1416;15.09.2017;1
11;262;1217;18.02.2015;2
45;531;1543;22.02.2019;7
51;1010;147;22.08.2018;1
84;82;504;24.12.2017;5
75;524;1241;19.01.2018;5
35;639;40;31.01.2016;9
75;432;1513;30.03.2016;3
60;751;1187;22.07.2016;2
74;532;319;14.07.2018;6
67;1068;394;26.07.2017;5
11;896;1613;10.10.2016;5
65;154;624;25.03.2017;3
37;1095;446;14.06.2015;10
35;607;149;3.08.2017;1
3;105;1034;2.10.2015;8
82;160;1391;14.06.2018;9
1;1079;1374;22.08.2016;3
45;99;1285;21.02.2019;9
9;91;115;30.12.2018;2
90;877;612;11.01.2019;9
11;416;950;25.09.2014;5
7;181;1218;18.05.2016;7
2;714;16;6.07.2017;4
14;204;125;14.12.2017;1
54;130;1037;11.06.2015;7
54;787;1002;8.06.2018;10
58;884;1467;13.01.2017;7
42;1051;116;11.07.2016;8
55;743;30;28.11.2016;4
41;88;1045;9.09.2017;10
78;564;320;21.11.2017;1
62;1002;1441;20.03.2016;6
27;1013;1078;7.04.2015;9
3;402;1312;30.05.2016;2
20;571;253;9.04.2015;10
74;1202;710;9.06.2015;4
23;894;466;27.10.2015;8
27;990;1499;20.05.2016;5
72;581;1466;6.12.2016;3
67;152;880;8.07.2018;9
77;937;1587;12.01.2017;9
48;284;1128;13.12.2016;5
9;326;642;13.02.2016;9
79;464;121;20.07.2015;3
55;1014;878;22.05.2018;7
52;577;1137;28.08.2016;6
59;967;819;15.09.2016;8
89;107;4;6.01.2019;10
42;1075;565;9.05.2015;10
52;298;1599;11.10.2014;5
16;93;719;10.03.2017;9
14;105;1344;30.12.2014;5
55;93;505;21.06.2015;8
75;1171;1225;27.09.2017;7
57;96;140;23.02.2015;1
53;330;47;13.09.2015;2
21;411;980;15.03.2015;2
35;892;1402;20.01.2015;5
37;734;1372;19.03.2018;2
89;235;91;4.04.2016;4
31;742;1412;7.06.2018;3
51;1022;596;8.06.2017;9
36;616;345;17.06.2015;9
27;1156;1166;18.05.2015;1
79;904;1452;1.04.2017;2
86;103;586;17.09.2015;7
48;665;239;3.12.2017;4
77;163;1035;15.03.2017;9
20;1215;287;22.05.2017;5
12;92;1401;16.08.2018;1
12;567;1191;17.09.2018;5
38;247;216;1.06.2015;10
43;89;1423;22.03.2017;8
47;1031;988;24.04.2015;5
9;1185;967;16.12.2014;10
82;97;971;26.03.2018;6
23;1141;762;6.12.2017;1
45;273;281;14.02.2018;2
71;1060;1148;18.10.2017;7
20;1158;348;25.08.2016;6
55;99;483;25.06.2017;8
39;1190;795;18.11.2016;10
40;732;682;5.05.2015;10
45;498;338;14.07.2016;1
35;87;1216;13.01.2019;2
43;536;26;12.03.2016;4
53;319;545;20.12.2016;5
60;280;1311;9.11.2014;2
47;482;1061;3.06.2017;1
20;4;462;23.03.2015;9
33;873;1183;11.03.2017;1
74;87;100;26.12.2014;1
57;940;73;29.07.2018;3
80;463;1479;20.06.2017;2
15;82;6;5.11.2016;8
74;145;430;25.03.2018;8
3;1147;830;11.03.2016;5
68;698;1234;6.11.2014;5
62;88;792;2.08.2015;10
36;1035;1197;2.05.2016;10
78;290;1087;19.11.2016;5
29;467;417;27.01.2017;10
54;171;722;22.02.2015;10
82;332;1221;8.08.2017;6
38;335;589;10.04.2017;9
33;51;574;26.10.2015;1
2;510;1255;7.10.2014;4
72;131;76;16.01.2017;10
85;124;1358;13.03.2015;6
44;788;521;8.06.2015;2
30;105;349;14.09.2016;1
67;105;564;20.04.2018;5
75;628;914;6.12.2015;10
28;1017;1433;30.12.2017;7
86;34;1152;1.05.2015;2
80;87;19;6.02.2019;6
40;383;700;5.09.2017;6
83;462;1330;2.12.2016;4
15;677;1483;13.06.2017;10
32;863;219;23.07.2015;2
58;371;620;4.10.2015;6
68;773;1032;18.06.2017;7
17;451;362;11.03.2015;4
17;103;1235;1.07.2017;10
44;184;311;11.12.2014;5
6;109;1552;29.01.2017;8
8;503;347;7.08.2015;4
54;1032;916;27.02.2015;8
60;90;1554;5.04.2017;3
33;966;1026;4.01.2017;3
70;275;1447;3.01.2019;7
37;761;440;21.01.2015;4
30;891;1408;6.01.2017;2
45;182;508;3.10.2017;10
9;429;1213;27.02.2018;3
75;585;271;7.01.2018;4
47;980;723;20.11.2017;2
22;83;840;7.01.2019;7
42;194;395;5.01.2017;6
7;91;1215;11.05.2017;5
37;108;616;9.08.2015;3
42;641;1614;21.11.2016;2
15;83;526;19.07.2018;10
52;276;544;26.09.2014;8
78;107;1064;27.05.2016;9
41;775;585;17.01.2016;10
9;1108;681;12.09.2017;7
1;10;1460;23.01.2015;10
34;618;737;27.04.2017;9
8;831;1507;6.07.2015;5
1;65;669;24.11.2015;2
88;14;1381;25.10.2016;4
13;547;163;26.08.2018;6
71;83;570;8.09.2018;7
5;84;144;26.10.2017;1
49;107;1212;30.06.2018;5
88;1187;1557;10.07.2015;3
70;312;1097;7.09.2017;10
46;417;803;6.03.2017;5
35;44;850;10.05.2017;1
56;144;961;3.10.2016;4
79;230;940;18.04.2015;6
39;95;1388;16.10.2018;4
19;99;808;16.11.2018;6
77;851;170;15.10.2016;5
57;816;909;23.05.2017;2
21;535;485;22.04.2017;5
88;783;784;7.11.2016;7
90;86;757;25.05.2016;1
18;91;894;9.02.2017;7
60;1029;171;15.06.2018;4
83;90;767;4.06.2016;2
9;116;229;12.05.2018;1
64;365;424;18.09.2018;10
67;636;392;3.12.2016;8
77;593;108;6.10.2016;9
54;1173;1304;8.10.2018;9
74;318;138;12.12.2018;1
19;762;1079;3.01.2017;6
45;1143;1199;22.03.2016;8
25;100;46;20.08.2018;4
17;93;621;26.09.2016;4
32;92;1603;4.08.2018;5
18;597;261;1.08.2016;2
8;100;1440;12.02.2016;9
88;112;1456;25.08.2018;3
23;267;1348;10.05.2016;6
29;880;729;28.12.2014;3
11;85;740;21.06.2017;5
25;106;1063;2.12.2015;4
29;263;867;13.01.2015;3
24;612;752;1.10.2018;4
45;546;641;21.12.2014;5
46;855;903;29.10.2018;3
26;106;1196;20.05.2018;4
53;919;1393;18.08.2018;1
37;945;297;22.03.2015;6
61;1008;1595;25.10.2017;2
42;768;113;13.01.2018;2
85;99;1380;27.09.2015;7
25;94;1111;21.10.2015;8
23;748;924;19.11.2014;7
87;562;175;21.03.2017;4
84;608;1204;24.06.2018;2
12;86;1570;27.08.2018;1
51;860;442;22.11.2014;10
16;870;1172;15.07.2015;7
56;99;946;20.02.2017;10
51;306;92;16.09.2018;7
53;91;403;12.01.2015;1
88;225;54;16.01.2019;3
6;296;972;21.08.2015;5
26;256;143;23.12.2014;8
46;94;741;30.03.2018;3
85;1201;637;6.02.2018;9
53;88;471;24.07.2016;6
19;820;1342;7.05.2015;10
50;102;1397;16.01.2016;2
46;657;886;7.12.2014;7
77;252;245;1.09.2016;6
72;351;379;1.10.2015;2
82;1199;1509;16.02.2017;6
52;765;817;7.02.2017;1
53;93;1347;5.04.2018;9
82;66;576;24.07.2017;8
83;666;366;4.06.2018;6
46;754;189;23.11.2016;9
9;377;79;2.03.2016;7
73;1009;881;20.08.2016;7
88;425;925;18.07.2015;4
67;780;809;13.07.2018;8
85;104;918;4.04.2015;10
18;931;766;8.11.2018;8
89;207;859;29.01.2019;2
89;96;1075;27.11.2015;9
54;624;1287;31.12.2015;5
83;975;142;28.04.2015;2
38;108;1016;9.02.2018;5
13;112;212;14.05.2015;8
1;81;781;7.04.2017;5
31;1096;423;26.12.2017;7
2;1081;901;21.10.2017;3
11;388;749;5.07.2015;1
86;760;240;22.04.2018;2
61;265;500;27.08.2016;2
55;1039;515;7.03.2017;7
82;97;937;6.08.2018;2
81;600;1549;20.01.2016;6
72;438;1243;8.04.2016;2
46;81;936;19.11.2015;1
69;343;11;25.06.2016;2
6;662;1481;8.07.2015;1
48;35;1379;29.03.2017;6
87;92;701;27.11.2016;8
45;82;280;15.05.2018;6
36;105;1211;4.07.2015;8
15;810;848;25.12.2018;2
67;988;56;6.10.2017;6
52;112;1072;11.11.2016;1
2;946;481;15.11.2015;3
10;656;209;3.10.2018;9
13;664;786;6.08.2017;6
61;313;1103;4.01.2018;6
83;789;1360;26.04.2017;5
30;89;234;30.01.2016;6
57;494;156;6.11.2017;2
90;809;325;29.07.2017;9
50;740;802;11.10.2015;10
38;94;1091;24.02.2017;2
70;29;814;20.02.2016;5
44;746;1323;3.05.2018;6
66;902;869;11.02.2015;1
42;150;357;19.12.2016;1
73;584;1114;26.01.2018;5
47;943;105;22.03.2018;7
70;196;1027;6.09.2015;1
37;82;945;20.09.2018;1
68;96;1521;23.12.2016;8
64;678;1096;9.02.2019;7
51;1071;1396;22.11.2017;3
47;758;777;15.12.2018;7
29;970;947;12.12.2015;5
60;91;1353;22.01.2018;4
23;86;413;17.03.2015;7
59;599;630;13.02.2018;6
44;22;226;29.12.2016;8
18;730;567;8.10.2014;9
83;87;265;20.06.2015;9
70;264;1534;30.11.2016;4
74;998;141;31.03.2016;10
62;142;1343;22.10.2018;3
89;764;1434;12.10.2014;1
32;107;607;1.05.2017;4
2;961;985;14.01.2017;5
77;353;77;16.06.2017;9
68;86;1076;8.03.2018;6
28;16;1461;31.10.2017;4
81;533;613;17.11.2014;10
31;156;871;28.07.2016;3
53;507;643;30.05.2015;1
59;87;1337;16.11.2015;3
6;112;895;13.09.2016;10
31;421;860;30.04.2018;10
20;110;906;28.11.2018;2
27;481;679;4.11.2018;6
69;88;363;17.10.2017;9
43;325;1421;2.01.2016;4
12;122;1104;17.02.2017;4
12;415;1025;23.12.2015;10
7;107;275;2.09.2018;3
4;453;377;23.06.2015;2
65;104;849;7.09.2018;9
67;707;794;18.11.2018;5
66;497;1031;20.12.2017;1
48;226;36;12.08.2017;9
40;125;955;17.12.2018;1
70;92;1133;16.04.2016;2
50;104;278;30.09.2016;6
53;83;816;7.03.2018;9
89;7;1286;24.01.2018;3
60;149;1033;20.01.2019;2
82;1037;1591;30.07.2016;9
8;405;389;22.09.2014;6
77;109;264;11.10.2018;10
25;86;1535;22.12.2014;8
60;91;628;4.03.2016;4
48;386;1302;10.11.2018;5
4;795;923;13.08.2018;7
81;812;312;23.04.2016;8
76;89;477;8.02.2017;10
75;85;1494;13.07.2017;4
33;110;194;3.06.2018;1
57;81;735;14.03.2015;4
63;104;855;17.07.2017;7
51;112;382;2.04.2016;2
29;1100;1325;8.10.2015;7
14;98;107;2.06.2015;10
79;104;1559;14.12.2014;5
58;1052;1480;7.11.2014;3
43;349;1485;2.01.2015;4
78;376;44;2.02.2019;1
15;327;428;15.12.2017;8
83;513;754;17.05.2015;1
5;90;1609;29.10.2016;3
67;98;1146;24.05.2018;8
90;920;671;1.01.2018;5
52;97;1306;26.09.2017;1
23;991;693;17.02.2019;2
4;315;179;21.08.2017;8
74;229;158;14.12.2018;7
3;539;1569;28.10.2014;6
58;103;360;10.03.2016;8
36;1055;995;8.11.2015;10
38;687;943;24.03.2015;9
29;322;62;17.07.2018;3
64;90;1605;13.11.2018;10
35;413;304;7.01.2017;8
22;162;160;8.05.2016;2
36;1196;1526;22.11.2016;1
42;89;418;24.02.2018;7
10;102;68;5.06.2016;1
75;301;1448;20.06.2016;10
9;91;1272;24.10.2016;9
69;96;760;14.12.2016;6
79;1063;405;5.06.2015;4
34;838;1558;24.11.2014;5
36;875;1147;17.04.2018;3
7;798;791;20.05.2017;8
20;845;1046;25.01.2019;7
17;1065;1297;2.11.2018;6
43;251;674;2.05.2017;2
19;151;1019;27.12.2015;5
65;852;300;16.11.2017;5
68;1048;169;24.06.2017;10
17;94;1052;21.04.2015;9
33;823;1115;14.07.2015;5
82;897;1083;31.01.2019;5
45;406;1014;1.07.2018;10
57;563;1378;31.03.2018;9
2;71;518;4.03.2017;5
89;97;656;30.09.2014;2
66;33;1610;4.05.2017;3
13;647;876;18.12.2014;2
88;112;256;17.08.2017;2
59;92;49;17.05.2016;6
23;168;237;18.02.2016;8
44;769;748;8.07.2017;4
49;173;191;24.11.2016;3
47;926;650;2.08.2016;3
64;109;1307;21.01.2016;10
40;410;1383;6.11.2016;8
2;718;99;11.09.2015;2
70;1038;1477;11.11.2014;10
23;107;973;31.07.2015;5
85;87;1226;27.12.2016;3
50;613;235;1.05.2018;2
85;5;1298;16.02.2019;3
51;78;168;20.10.2017;8
63;983;184;24.03.2017;4
60;95;1282;10.12.2017;2
2;86;601;8.02.2018;8
6;93;715;4.05.2015;7
